o,d,losstime,
地铁1号线莘庄,地铁1号线外环路,988620,1.6477
地铁1号线外环路,地铁1号线莲花路,1114980,1.8583
地铁1号线莲花路,地铁1号线锦江乐园,1335750,2.22625
地铁1号线锦江乐园,地铁1号线上海南站,1448550,2.41425
地铁1号线上海南站,地铁1号线漕宝路,1513380,2.5223
地铁1号线漕宝路,地铁1号线上海体育馆,1481820,2.4697
地铁1号线上海体育馆,地铁1号线徐家汇,1267380,2.1123
地铁1号线徐家汇,地铁1号线衡山路,1249470,2.08245
地铁1号线衡山路,地铁1号线常熟路,1243140,2.0719
地铁1号线常熟路,地铁1号线陕西南路,1239180,2.0653
地铁1号线陕西南路,地铁1号线一大会址・黄陂南路,1141470,1.90245
地铁1号线一大会址・黄陂南路,地铁1号线人民广场,1134660,1.8911
地铁1号线人民广场,地铁1号线新闸路,1494270,2.49045
地铁1号线新闸路,地铁1号线汉中路,1506750,2.51125
地铁1号线汉中路,地铁1号线上海火车站,1969680,3.2828
地铁1号线上海火车站,地铁1号线中山北路,2001840,3.3364
地铁1号线中山北路,地铁1号线延长路,1918050,3.19675
地铁1号线延长路,地铁1号线上海马戏城,1796550,2.99425
地铁1号线上海马戏城,地铁1号线汶水路,1652640,2.7544
地铁1号线汶水路,地铁1号线彭浦新村,1502370,2.50395
地铁1号线彭浦新村,地铁1号线共康路,1257180,2.0953
地铁1号线共康路,地铁1号线通河新村,1067340,1.7789
地铁1号线通河新村,地铁1号线呼兰路,814470,1.35745
地铁1号线呼兰路,地铁1号线共富新村,728040,1.2134
地铁1号线共富新村,地铁1号线宝安公路,518160,0.8636
地铁1号线宝安公路,地铁1号线友谊西路,298290,0.49715
地铁1号线友谊西路,地铁1号线富锦路,230460,0.3841
地铁1号线富锦路,地铁1号线友谊西路,230460,0.3841
地铁1号线友谊西路,地铁1号线宝安公路,298290,0.49715
地铁1号线宝安公路,地铁1号线共富新村,518160,0.8636
地铁1号线共富新村,地铁1号线呼兰路,728040,1.2134
地铁1号线呼兰路,地铁1号线通河新村,814470,1.35745
地铁1号线通河新村,地铁1号线共康路,1067340,1.7789
地铁1号线共康路,地铁1号线彭浦新村,1257180,2.0953
地铁1号线彭浦新村,地铁1号线汶水路,1502370,2.50395
地铁1号线汶水路,地铁1号线上海马戏城,1652640,2.7544
地铁1号线上海马戏城,地铁1号线延长路,1796550,2.99425
地铁1号线延长路,地铁1号线中山北路,1918050,3.19675
地铁1号线中山北路,地铁1号线上海火车站,2001840,3.3364
地铁1号线上海火车站,地铁1号线汉中路,1969680,3.2828
地铁1号线汉中路,地铁1号线新闸路,1506750,2.51125
地铁1号线新闸路,地铁1号线人民广场,1494270,2.49045
地铁1号线人民广场,地铁1号线一大会址・黄陂南路,1134660,1.8911
地铁1号线一大会址・黄陂南路,地铁1号线陕西南路,1141470,1.90245
地铁1号线陕西南路,地铁1号线常熟路,1239180,2.0653
地铁1号线常熟路,地铁1号线衡山路,1243140,2.0719
地铁1号线衡山路,地铁1号线徐家汇,1249470,2.08245
地铁1号线徐家汇,地铁1号线上海体育馆,1267380,2.1123
地铁1号线上海体育馆,地铁1号线漕宝路,1481820,2.4697
地铁1号线漕宝路,地铁1号线上海南站,1513380,2.5223
地铁1号线上海南站,地铁1号线锦江乐园,1448550,2.41425
地铁1号线锦江乐园,地铁1号线莲花路,1335750,2.22625
地铁1号线莲花路,地铁1号线外环路,1114980,1.8583
地铁1号线外环路,地铁1号线莘庄,988620,1.6477
地铁2号线徐泾东,地铁2号线虹桥火车站,223110,0.37185
地铁2号线虹桥火车站,地铁2号线虹桥2号航站楼,911190,1.51865
地铁2号线虹桥2号航站楼,地铁2号线淞虹路,1003530,1.67255
地铁2号线淞虹路,地铁2号线北新泾,1291770,2.15295
地铁2号线北新泾,地铁2号线威宁路,1404450,2.34075
地铁2号线威宁路,地铁2号线娄山关路,1501530,2.50255
地铁2号线娄山关路,地铁2号线中山公园,1627140,2.7119
地铁2号线中山公园,地铁2号线江苏路,1608060,2.6801
地铁2号线江苏路,地铁2号线静安寺,1813890,3.02315
地铁2号线静安寺,地铁2号线南京西路,1998360,3.3306
地铁2号线南京西路,地铁2号线人民广场,1983870,3.30645
地铁2号线人民广场,地铁2号线南京东路,2133420,3.5557
地铁2号线南京东路,地铁2号线陆家嘴,2235690,3.72615
地铁2号线陆家嘴,地铁2号线东昌路,2022270,3.37045
地铁2号线东昌路,地铁2号线世纪大道,1989630,3.31605
地铁2号线世纪大道,地铁2号线上海科技馆,1802700,3.0045
地铁2号线上海科技馆,地铁2号线世纪公园,1794300,2.9905
地铁2号线世纪公园,地铁2号线龙阳路,1688670,2.81445
地铁2号线龙阳路,地铁2号线张江高科,1557900,2.5965
地铁2号线张江高科,地铁2号线金科路,1365840,2.2764
地铁2号线金科路,地铁2号线广兰路,1169370,1.94895
地铁2号线广兰路,地铁2号线唐镇,912270,1.52045
地铁2号线唐镇,地铁2号线创新中路,654810,1.09135
地铁2号线创新中路,地铁2号线华夏东路,589350,0.98225
地铁2号线华夏东路,地铁2号线川沙,422220,0.7037
地铁2号线川沙,地铁2号线凌空路,156300,0.2605
地铁2号线凌空路,地铁2号线远东大道,64770,0.10795
地铁2号线远东大道,地铁2号线海天三路,51540,0.0859
地铁2号线海天三路,地铁2号线浦东国际机场,27240,0.0454
地铁2号线浦东国际机场,地铁2号线海天三路,27240,0.0454
地铁2号线海天三路,地铁2号线远东大道,51540,0.0859
地铁2号线远东大道,地铁2号线凌空路,64770,0.10795
地铁2号线凌空路,地铁2号线川沙,156300,0.2605
地铁2号线川沙,地铁2号线华夏东路,422220,0.7037
地铁2号线华夏东路,地铁2号线创新中路,589350,0.98225
地铁2号线创新中路,地铁2号线唐镇,654810,1.09135
地铁2号线唐镇,地铁2号线广兰路,912270,1.52045
地铁2号线广兰路,地铁2号线金科路,1169370,1.94895
地铁2号线金科路,地铁2号线张江高科,1365840,2.2764
地铁2号线张江高科,地铁2号线龙阳路,1557900,2.5965
地铁2号线龙阳路,地铁2号线世纪公园,1688670,2.81445
地铁2号线世纪公园,地铁2号线上海科技馆,1794300,2.9905
地铁2号线上海科技馆,地铁2号线世纪大道,1802700,3.0045
地铁2号线世纪大道,地铁2号线东昌路,1989630,3.31605
地铁2号线东昌路,地铁2号线陆家嘴,2022270,3.37045
地铁2号线陆家嘴,地铁2号线南京东路,2235690,3.72615
地铁2号线南京东路,地铁2号线人民广场,2133420,3.5557
地铁2号线人民广场,地铁2号线南京西路,1983870,3.30645
地铁2号线南京西路,地铁2号线静安寺,1998360,3.3306
地铁2号线静安寺,地铁2号线江苏路,1813890,3.02315
地铁2号线江苏路,地铁2号线中山公园,1608060,2.6801
地铁2号线中山公园,地铁2号线娄山关路,1627140,2.7119
地铁2号线娄山关路,地铁2号线威宁路,1501530,2.50255
地铁2号线威宁路,地铁2号线北新泾,1404450,2.34075
地铁2号线北新泾,地铁2号线淞虹路,1291770,2.15295
地铁2号线淞虹路,地铁2号线虹桥2号航站楼,1003530,1.67255
地铁2号线虹桥2号航站楼,地铁2号线虹桥火车站,911190,1.51865
地铁2号线虹桥火车站,地铁2号线徐泾东,223110,0.37185
地铁2号线徐泾东,地铁2号线蟠祥路,5850,0.00975
地铁2号线蟠祥路,地铁2号线徐泾东,5850,0.00975
地铁3号线江杨北路,地铁3号线铁力路,95700,0.1595
地铁3号线铁力路,地铁3号线友谊路,149370,0.24895
地铁3号线友谊路,地铁3号线宝杨路,242430,0.40405
地铁3号线宝杨路,地铁3号线水产路,298230,0.49705
地铁3号线水产路,地铁3号线淞滨路,367650,0.61275
地铁3号线淞滨路,地铁3号线张华浜,434820,0.7247
地铁3号线张华浜,地铁3号线淞发路,445080,0.7418
地铁3号线淞发路,地铁3号线长江南路,512550,0.85425
地铁3号线长江南路,地铁3号线殷高西路,558540,0.9309
地铁3号线殷高西路,地铁3号线江湾镇,663810,1.10635
地铁3号线江湾镇,地铁3号线大柏树,800400,1.334
地铁3号线大柏树,地铁3号线赤峰路,922380,1.5373
地铁3号线赤峰路,地铁3号线虹口足球场,976500,1.6275
地铁3号线虹口足球场,地铁3号线东宝兴路,917670,1.52945
地铁3号线东宝兴路,地铁3号线宝山路,929520,1.5492
地铁3号线宝山路,地铁3号线上海火车站,860760,1.4346
地铁3号线上海火车站,地铁3号线中潭路,849960,1.4166
地铁3号线中潭路,地铁3号线镇坪路,893010,1.48835
地铁3号线镇坪路,地铁3号线曹杨路,914220,1.5237
地铁3号线曹杨路,地铁3号线金沙江路,663480,1.1058
地铁3号线金沙江路,地铁3号线中山公园,670110,1.11685
地铁3号线中山公园,地铁3号线延安西路,538290,0.89715
地铁3号线延安西路,地铁3号线虹桥路,500250,0.83375
地铁3号线虹桥路,地铁3号线宜山路,489630,0.81605
地铁3号线宜山路,地铁3号线漕溪路,363810,0.60635
地铁3号线漕溪路,地铁3号线龙漕路,325980,0.5433
地铁3号线龙漕路,地铁3号线石龙路,265200,0.442
地铁3号线石龙路,地铁3号线上海南站,205620,0.3427
地铁3号线上海南站,地铁3号线石龙路,205620,0.3427
地铁3号线石龙路,地铁3号线龙漕路,265200,0.442
地铁3号线龙漕路,地铁3号线漕溪路,325980,0.5433
地铁3号线漕溪路,地铁3号线宜山路,363810,0.60635
地铁3号线宜山路,地铁3号线虹桥路,489630,0.81605
地铁3号线虹桥路,地铁3号线延安西路,500250,0.83375
地铁3号线延安西路,地铁3号线中山公园,538290,0.89715
地铁3号线中山公园,地铁3号线金沙江路,670110,1.11685
地铁3号线金沙江路,地铁3号线曹杨路,663480,1.1058
地铁3号线曹杨路,地铁3号线镇坪路,914220,1.5237
地铁3号线镇坪路,地铁3号线中潭路,893010,1.48835
地铁3号线中潭路,地铁3号线上海火车站,849960,1.4166
地铁3号线上海火车站,地铁3号线宝山路,860760,1.4346
地铁3号线宝山路,地铁3号线东宝兴路,929520,1.5492
地铁3号线东宝兴路,地铁3号线虹口足球场,917670,1.52945
地铁3号线虹口足球场,地铁3号线赤峰路,976500,1.6275
地铁3号线赤峰路,地铁3号线大柏树,922380,1.5373
地铁3号线大柏树,地铁3号线江湾镇,800400,1.334
地铁3号线江湾镇,地铁3号线殷高西路,663810,1.10635
地铁3号线殷高西路,地铁3号线长江南路,558540,0.9309
地铁3号线长江南路,地铁3号线淞发路,512550,0.85425
地铁3号线淞发路,地铁3号线张华浜,445080,0.7418
地铁3号线张华浜,地铁3号线淞滨路,434820,0.7247
地铁3号线淞滨路,地铁3号线水产路,367650,0.61275
地铁3号线水产路,地铁3号线宝杨路,298230,0.49705
地铁3号线宝杨路,地铁3号线友谊路,242430,0.40405
地铁3号线友谊路,地铁3号线铁力路,149370,0.24895
地铁3号线铁力路,地铁3号线江杨北路,95700,0.1595
地铁4号线宜山路,地铁4号线虹桥路,349770,0.58295
地铁4号线虹桥路,地铁4号线延安西路,243300,0.4055
地铁4号线延安西路,地铁4号线中山公园,216990,0.36165
地铁4号线中山公园,地铁4号线金沙江路,184290,0.30715
地铁4号线金沙江路,地铁4号线曹杨路,231510,0.38585
地铁4号线曹杨路,地铁4号线镇坪路,344370,0.57395
地铁4号线镇坪路,地铁4号线中潭路,545190,0.90865
地铁4号线中潭路,地铁4号线上海火车站,593250,0.98875
地铁4号线上海火车站,地铁4号线宝山路,699390,1.16565
地铁4号线宝山路,地铁4号线海伦路,939120,1.5652
地铁4号线海伦路,地铁4号线临平路,864900,1.4415
地铁4号线临平路,地铁4号线大连路,838740,1.3979
地铁4号线大连路,地铁4号线杨树浦路,844830,1.40805
地铁4号线杨树浦路,地铁4号线浦东大道,880320,1.4672
地铁4号线浦东大道,地铁4号线世纪大道,885690,1.47615
地铁4号线世纪大道,地铁4号线浦电路,732480,1.2208
地铁4号线浦电路,地铁4号线蓝村路,477450,0.79575
地铁4号线蓝村路,地铁4号线塘桥,507450,0.84575
地铁4号线塘桥,地铁4号线南浦大桥,521310,0.86885
地铁4号线南浦大桥,地铁4号线西藏南路,564090,0.94015
地铁4号线西藏南路,地铁4号线鲁班路,582540,0.9709
地铁4号线鲁班路,地铁4号线大木桥路,586530,0.97755
地铁4号线大木桥路,地铁4号线东安路,559110,0.93185
地铁4号线东安路,地铁4号线上海体育场,542550,0.90425
地铁4号线上海体育场,地铁4号线上海体育馆,537420,0.8957
地铁4号线宜山路,地铁4号线上海体育馆,382620,0.6377
地铁4号线上海体育馆,地铁4号线上海体育场,537420,0.8957
地铁4号线上海体育场,地铁4号线东安路,542550,0.90425
地铁4号线东安路,地铁4号线大木桥路,559110,0.93185
地铁4号线大木桥路,地铁4号线鲁班路,586530,0.97755
地铁4号线鲁班路,地铁4号线西藏南路,582540,0.9709
地铁4号线西藏南路,地铁4号线南浦大桥,564090,0.94015
地铁4号线南浦大桥,地铁4号线塘桥,521310,0.86885
地铁4号线塘桥,地铁4号线蓝村路,507450,0.84575
地铁4号线蓝村路,地铁4号线浦电路,477450,0.79575
地铁4号线浦电路,地铁4号线世纪大道,732480,1.2208
地铁4号线世纪大道,地铁4号线浦东大道,885690,1.47615
地铁4号线浦东大道,地铁4号线杨树浦路,880320,1.4672
地铁4号线杨树浦路,地铁4号线大连路,844830,1.40805
地铁4号线大连路,地铁4号线临平路,838740,1.3979
地铁4号线临平路,地铁4号线海伦路,864900,1.4415
地铁4号线海伦路,地铁4号线宝山路,939120,1.5652
地铁4号线宝山路,地铁4号线上海火车站,699390,1.16565
地铁4号线上海火车站,地铁4号线中潭路,593250,0.98875
地铁4号线中潭路,地铁4号线镇坪路,545190,0.90865
地铁4号线镇坪路,地铁4号线曹杨路,344370,0.57395
地铁4号线曹杨路,地铁4号线金沙江路,231510,0.38585
地铁4号线金沙江路,地铁4号线中山公园,184290,0.30715
地铁4号线中山公园,地铁4号线延安西路,216990,0.36165
地铁4号线延安西路,地铁4号线虹桥路,243300,0.4055
地铁5号线莘庄,地铁5号线春申路,718050,1.19675
地铁5号线春申路,地铁5号线银都路,693930,1.15655
地铁5号线银都路,地铁5号线颛桥,652080,1.0868
地铁5号线颛桥,地铁5号线北桥,589830,0.98305
地铁5号线北桥,地铁5号线剑川路,524880,0.8748
地铁5号线剑川路,地铁5号线东川路,484440,0.8074
地铁5号线东川路,地铁5号线江川路,326430,0.54405
地铁5号线江川路,地铁5号线西渡,291750,0.48625
地铁5号线西渡,地铁5号线萧塘,189780,0.3163
地铁5号线萧塘,地铁5号线奉浦大道,148350,0.24725
地铁5号线奉浦大道,地铁5号线环城东路,107940,0.1799
地铁5号线环城东路,地铁5号线望园路,57240,0.0954
地铁5号线望园路,地铁5号线金海湖,49290,0.08215
地铁5号线金海湖,地铁5号线奉贤新城,37020,0.0617
地铁5号线奉贤新城,地铁5号线金海湖,37020,0.0617
地铁5号线金海湖,地铁5号线望园路,49290,0.08215
地铁5号线望园路,地铁5号线环城东路,57240,0.0954
地铁5号线环城东路,地铁5号线奉浦大道,107940,0.1799
地铁5号线奉浦大道,地铁5号线萧塘,148350,0.24725
地铁5号线萧塘,地铁5号线西渡,189780,0.3163
地铁5号线西渡,地铁5号线江川路,291750,0.48625
地铁5号线江川路,地铁5号线东川路,326430,0.54405
地铁5号线东川路,地铁5号线剑川路,484440,0.8074
地铁5号线剑川路,地铁5号线北桥,524880,0.8748
地铁5号线北桥,地铁5号线颛桥,589830,0.98305
地铁5号线颛桥,地铁5号线银都路,652080,1.0868
地铁5号线银都路,地铁5号线春申路,693930,1.15655
地铁5号线春申路,地铁5号线莘庄,718050,1.19675
地铁5号线东川路,地铁5号线金平路,131370,0.21895
地铁5号线金平路,地铁5号线华宁路,94320,0.1572
地铁5号线华宁路,地铁5号线文井路,63270,0.10545
地铁5号线文井路,地铁5号线闵行开发区,34110,0.05685
地铁5号线闵行开发区,地铁5号线文井路,34110,0.05685
地铁5号线文井路,地铁5号线华宁路,63270,0.10545
地铁5号线华宁路,地铁5号线金平路,94320,0.1572
地铁5号线金平路,地铁5号线东川路,131370,0.21895
地铁6号线港城路,地铁6号线外高桥保税区北,80160,0.1336
地铁6号线外高桥保税区北,地铁6号线航津路,130200,0.217
地铁6号线航津路,地铁6号线外高桥保税区南,196410,0.32735
地铁6号线外高桥保税区南,地铁6号线洲海路,260250,0.43375
地铁6号线洲海路,地铁6号线五洲大道,328560,0.5476
地铁6号线五洲大道,地铁6号线东靖路,393090,0.65515
地铁6号线东靖路,地铁6号线巨峰路,479580,0.7993
地铁6号线巨峰路,地铁6号线五莲路,450120,0.7502
地铁6号线五莲路,地铁6号线博兴路,502980,0.8383
地铁6号线博兴路,地铁6号线金桥路,589080,0.9818
地铁6号线金桥路,地铁6号线云山路,643140,1.0719
地铁6号线云山路,地铁6号线德平路,689610,1.14935
地铁6号线德平路,地铁6号线北洋泾路,777960,1.2966
地铁6号线北洋泾路,地铁6号线民生路,895380,1.4923
地铁6号线民生路,地铁6号线源深体育中心,918360,1.5306
地铁6号线源深体育中心,地铁6号线世纪大道,967050,1.61175
地铁6号线世纪大道,地铁6号线浦电路,668130,1.11355
地铁6号线浦电路,地铁6号线蓝村路,684210,1.14035
地铁6号线蓝村路,地铁6号线上海儿童医学中心,637320,1.0622
地铁6号线上海儿童医学中心,地铁6号线临沂新村,604440,1.0074
地铁6号线临沂新村,地铁6号线高科西路,580650,0.96775
地铁6号线高科西路,地铁6号线东明路,554040,0.9234
地铁6号线东明路,地铁6号线高青路,423060,0.7051
地铁6号线高青路,地铁6号线华夏西路,316050,0.52675
地铁6号线华夏西路,地铁6号线上南路,266820,0.4447
地铁6号线上南路,地铁6号线灵岩南路,241170,0.40195
地铁6号线灵岩南路,地铁6号线东方体育中心,243960,0.4066
地铁6号线东方体育中心,地铁6号线灵岩南路,243960,0.4066
地铁6号线灵岩南路,地铁6号线上南路,241170,0.40195
地铁6号线上南路,地铁6号线华夏西路,266820,0.4447
地铁6号线华夏西路,地铁6号线高青路,316050,0.52675
地铁6号线高青路,地铁6号线东明路,423060,0.7051
地铁6号线东明路,地铁6号线高科西路,554040,0.9234
地铁6号线高科西路,地铁6号线临沂新村,580650,0.96775
地铁6号线临沂新村,地铁6号线上海儿童医学中心,604440,1.0074
地铁6号线上海儿童医学中心,地铁6号线蓝村路,637320,1.0622
地铁6号线蓝村路,地铁6号线浦电路,684210,1.14035
地铁6号线浦电路,地铁6号线世纪大道,668130,1.11355
地铁6号线世纪大道,地铁6号线源深体育中心,967050,1.61175
地铁6号线源深体育中心,地铁6号线民生路,918360,1.5306
地铁6号线民生路,地铁6号线北洋泾路,895380,1.4923
地铁6号线北洋泾路,地铁6号线德平路,777960,1.2966
地铁6号线德平路,地铁6号线云山路,689610,1.14935
地铁6号线云山路,地铁6号线金桥路,643140,1.0719
地铁6号线金桥路,地铁6号线博兴路,589080,0.9818
地铁6号线博兴路,地铁6号线五莲路,502980,0.8383
地铁6号线五莲路,地铁6号线巨峰路,450120,0.7502
地铁6号线巨峰路,地铁6号线东靖路,479580,0.7993
地铁6号线东靖路,地铁6号线五洲大道,393090,0.65515
地铁6号线五洲大道,地铁6号线洲海路,328560,0.5476
地铁6号线洲海路,地铁6号线外高桥保税区南,260250,0.43375
地铁6号线外高桥保税区南,地铁6号线航津路,196410,0.32735
地铁6号线航津路,地铁6号线外高桥保税区北,130200,0.217
地铁6号线外高桥保税区北,地铁6号线港城路,80160,0.1336
地铁7号线花木路,地铁7号线龙阳路,73470,0.12245
地铁7号线龙阳路,地铁7号线芳华路,368340,0.6139
地铁7号线芳华路,地铁7号线锦绣路,389700,0.6495
地铁7号线锦绣路,地铁7号线杨高南路,412710,0.68785
地铁7号线杨高南路,地铁7号线高科西路,487740,0.8129
地铁7号线高科西路,地铁7号线云台路,565350,0.94225
地铁7号线云台路,地铁7号线耀华路,602520,1.0042
地铁7号线耀华路,地铁7号线长清路,622050,1.03675
地铁7号线长清路,地铁7号线后滩,712080,1.1868
地铁7号线后滩,地铁7号线龙华中路,717840,1.1964
地铁7号线龙华中路,地铁7号线东安路,716010,1.19335
地铁7号线东安路,地铁7号线肇嘉浜路,757560,1.2626
地铁7号线肇嘉浜路,地铁7号线常熟路,938610,1.56435
地铁7号线常熟路,地铁7号线静安寺,1055400,1.759
地铁7号线静安寺,地铁7号线昌平路,1251540,2.0859
地铁7号线昌平路,地铁7号线长寿路,1211070,2.01845
地铁7号线长寿路,地铁7号线镇坪路,1273350,2.12225
地铁7号线镇坪路,地铁7号线岚皋路,1455870,2.42645
地铁7号线岚皋路,地铁7号线新村路,1380480,2.3008
地铁7号线新村路,地铁7号线大华三路,1248180,2.0803
地铁7号线大华三路,地铁7号线行知路,1096170,1.82695
地铁7号线行知路,地铁7号线大场镇,975600,1.626
地铁7号线大场镇,地铁7号线场中路,908010,1.51335
地铁7号线场中路,地铁7号线上大路,829710,1.38285
地铁7号线上大路,地铁7号线南陈路,780690,1.30115
地铁7号线南陈路,地铁7号线上海大学,703200,1.172
地铁7号线上海大学,地铁7号线祁华路,640740,1.0679
地铁7号线祁华路,地铁7号线顾村公园,528060,0.8801
地铁7号线顾村公园,地铁7号线刘行,501810,0.83635
地铁7号线刘行,地铁7号线潘广路,370170,0.61695
地铁7号线潘广路,地铁7号线罗南新村,341880,0.5698
地铁7号线罗南新村,地铁7号线美兰湖,195900,0.3265
地铁7号线美兰湖,地铁7号线罗南新村,195900,0.3265
地铁7号线罗南新村,地铁7号线潘广路,341880,0.5698
地铁7号线潘广路,地铁7号线刘行,370170,0.61695
地铁7号线刘行,地铁7号线顾村公园,501810,0.83635
地铁7号线顾村公园,地铁7号线祁华路,528060,0.8801
地铁7号线祁华路,地铁7号线上海大学,640740,1.0679
地铁7号线上海大学,地铁7号线南陈路,703200,1.172
地铁7号线南陈路,地铁7号线上大路,780690,1.30115
地铁7号线上大路,地铁7号线场中路,829710,1.38285
地铁7号线场中路,地铁7号线大场镇,908010,1.51335
地铁7号线大场镇,地铁7号线行知路,975600,1.626
地铁7号线行知路,地铁7号线大华三路,1096170,1.82695
地铁7号线大华三路,地铁7号线新村路,1248180,2.0803
地铁7号线新村路,地铁7号线岚皋路,1380480,2.3008
地铁7号线岚皋路,地铁7号线镇坪路,1455870,2.42645
地铁7号线镇坪路,地铁7号线长寿路,1273350,2.12225
地铁7号线长寿路,地铁7号线昌平路,1211070,2.01845
地铁7号线昌平路,地铁7号线静安寺,1251540,2.0859
地铁7号线静安寺,地铁7号线常熟路,1055400,1.759
地铁7号线常熟路,地铁7号线肇嘉浜路,938610,1.56435
地铁7号线肇嘉浜路,地铁7号线东安路,757560,1.2626
地铁7号线东安路,地铁7号线龙华中路,716010,1.19335
地铁7号线龙华中路,地铁7号线后滩,717840,1.1964
地铁7号线后滩,地铁7号线长清路,712080,1.1868
地铁7号线长清路,地铁7号线耀华路,622050,1.03675
地铁7号线耀华路,地铁7号线云台路,602520,1.0042
地铁7号线云台路,地铁7号线高科西路,565350,0.94225
地铁7号线高科西路,地铁7号线杨高南路,487740,0.8129
地铁7号线杨高南路,地铁7号线锦绣路,412710,0.68785
地铁7号线锦绣路,地铁7号线芳华路,389700,0.6495
地铁7号线芳华路,地铁7号线龙阳路,368340,0.6139
地铁7号线龙阳路,地铁7号线花木路,73470,0.12245
地铁8号线市光路,地铁8号线嫩江路,190620,0.3177
地铁8号线嫩江路,地铁8号线翔殷路,280110,0.46685
地铁8号线翔殷路,地铁8号线黄兴公园,354090,0.59015
地铁8号线黄兴公园,地铁8号线延吉中路,416280,0.6938
地铁8号线延吉中路,地铁8号线黄兴路,564060,0.9401
地铁8号线黄兴路,地铁8号线江浦路,670770,1.11795
地铁8号线江浦路,地铁8号线鞍山新村,696600,1.161
地铁8号线鞍山新村,地铁8号线四平路,762150,1.27025
地铁8号线四平路,地铁8号线曲阳路,696000,1.16
地铁8号线曲阳路,地铁8号线虹口足球场,775110,1.29185
地铁8号线虹口足球场,地铁8号线西藏北路,920790,1.53465
地铁8号线西藏北路,地铁8号线中兴路,1022100,1.7035
地铁8号线中兴路,地铁8号线曲阜路,1110660,1.8511
地铁8号线曲阜路,地铁8号线人民广场,1104180,1.8403
地铁8号线人民广场,地铁8号线大世界,1084770,1.80795
地铁8号线大世界,地铁8号线老西门,1129230,1.88205
地铁8号线老西门,地铁8号线陆家浜路,1242330,2.07055
地铁8号线陆家浜路,地铁8号线西藏南路,1126860,1.8781
地铁8号线西藏南路,地铁8号线中华艺术宫,1076940,1.7949
地铁8号线中华艺术宫,地铁8号线耀华路,1046250,1.74375
地铁8号线耀华路,地铁8号线成山路,1069920,1.7832
地铁8号线成山路,地铁8号线杨思,1015290,1.69215
地铁8号线杨思,地铁8号线东方体育中心,905280,1.5088
地铁8号线东方体育中心,地铁8号线凌兆新村,1053990,1.75665
地铁8号线凌兆新村,地铁8号线芦恒路,1008450,1.68075
地铁8号线芦恒路,地铁8号线浦江镇,770070,1.28345
地铁8号线浦江镇,地铁8号线江月路,636810,1.06135
地铁8号线江月路,地铁8号线联航路,476850,0.79475
地铁8号线联航路,地铁8号线沈杜公路,264930,0.44155
地铁8号线沈杜公路,地铁8号线联航路,264930,0.44155
地铁8号线联航路,地铁8号线江月路,476850,0.79475
地铁8号线江月路,地铁8号线浦江镇,636810,1.06135
地铁8号线浦江镇,地铁8号线芦恒路,770070,1.28345
地铁8号线芦恒路,地铁8号线凌兆新村,1008450,1.68075
地铁8号线凌兆新村,地铁8号线东方体育中心,1053990,1.75665
地铁8号线东方体育中心,地铁8号线杨思,905280,1.5088
地铁8号线杨思,地铁8号线成山路,1015290,1.69215
地铁8号线成山路,地铁8号线耀华路,1069920,1.7832
地铁8号线耀华路,地铁8号线中华艺术宫,1046250,1.74375
地铁8号线中华艺术宫,地铁8号线西藏南路,1076940,1.7949
地铁8号线西藏南路,地铁8号线陆家浜路,1126860,1.8781
地铁8号线陆家浜路,地铁8号线老西门,1242330,2.07055
地铁8号线老西门,地铁8号线大世界,1129230,1.88205
地铁8号线大世界,地铁8号线人民广场,1084770,1.80795
地铁8号线人民广场,地铁8号线曲阜路,1104180,1.8403
地铁8号线曲阜路,地铁8号线中兴路,1110660,1.8511
地铁8号线中兴路,地铁8号线西藏北路,1022100,1.7035
地铁8号线西藏北路,地铁8号线虹口足球场,920790,1.53465
地铁8号线虹口足球场,地铁8号线曲阳路,775110,1.29185
地铁8号线曲阳路,地铁8号线四平路,696000,1.16
地铁8号线四平路,地铁8号线鞍山新村,762150,1.27025
地铁8号线鞍山新村,地铁8号线江浦路,696600,1.161
地铁8号线江浦路,地铁8号线黄兴路,670770,1.11795
地铁8号线黄兴路,地铁8号线延吉中路,564060,0.9401
地铁8号线延吉中路,地铁8号线黄兴公园,416280,0.6938
地铁8号线黄兴公园,地铁8号线翔殷路,354090,0.59015
地铁8号线翔殷路,地铁8号线嫩江路,280110,0.46685
地铁8号线嫩江路,地铁8号线市光路,190620,0.3177
地铁9号线曹路,地铁9号线民雷路,363150,0.60525
地铁9号线民雷路,地铁9号线顾唐路,512280,0.8538
地铁9号线顾唐路,地铁9号线金海路,630930,1.05155
地铁9号线金海路,地铁9号线金吉路,632340,1.0539
地铁9号线金吉路,地铁9号线金桥,685590,1.14265
地铁9号线金桥,地铁9号线台儿庄路,853500,1.4225
地铁9号线台儿庄路,地铁9号线蓝天路,974220,1.6237
地铁9号线蓝天路,地铁9号线芳甸路,1063470,1.77245
地铁9号线芳甸路,地铁9号线杨高中路,1125270,1.87545
地铁9号线杨高中路,地铁9号线世纪大道,1110330,1.85055
地铁9号线世纪大道,地铁9号线商城路,1077450,1.79575
地铁9号线商城路,地铁9号线小南门,1150620,1.9177
地铁9号线小南门,地铁9号线陆家浜路,1212720,2.0212
地铁9号线陆家浜路,地铁9号线马当路,1254420,2.0907
地铁9号线马当路,地铁9号线打浦桥,1267530,2.11255
地铁9号线打浦桥,地铁9号线嘉善路,1308900,2.1815
地铁9号线嘉善路,地铁9号线肇嘉浜路,1375050,2.29175
地铁9号线肇嘉浜路,地铁9号线徐家汇,1536810,2.56135
地铁9号线徐家汇,地铁9号线宜山路,1804650,3.00775
地铁9号线宜山路,地铁9号线桂林路,1957620,3.2627
地铁9号线桂林路,地铁9号线漕河泾开发区,2010390,3.35065
地铁9号线漕河泾开发区,地铁9号线合川路,1952670,3.25445
地铁9号线合川路,地铁9号线星中路,1873650,3.12275
地铁9号线星中路,地铁9号线七宝,1836030,3.06005
地铁9号线七宝,地铁9号线中春路,1756080,2.9268
地铁9号线中春路,地铁9号线九亭,1705830,2.84305
地铁9号线九亭,地铁9号线泗泾,1364910,2.27485
地铁9号线泗泾,地铁9号线佘山,928860,1.5481
地铁9号线佘山,地铁9号线洞泾,602700,1.0045
地铁9号线洞泾,地铁9号线松江大学城,518340,0.8639
地铁9号线松江大学城,地铁9号线松江新城,339990,0.56665
地铁9号线松江新城,地铁9号线松江体育中心,243330,0.40555
地铁9号线松江体育中心,地铁9号线醉白池,108960,0.1816
地铁9号线醉白池,地铁9号线松江南站,45150,0.07525
地铁9号线松江南站,地铁9号线醉白池,45150,0.07525
地铁9号线醉白池,地铁9号线松江体育中心,108960,0.1816
地铁9号线松江体育中心,地铁9号线松江新城,243330,0.40555
地铁9号线松江新城,地铁9号线松江大学城,339990,0.56665
地铁9号线松江大学城,地铁9号线洞泾,518340,0.8639
地铁9号线洞泾,地铁9号线佘山,602700,1.0045
地铁9号线佘山,地铁9号线泗泾,928860,1.5481
地铁9号线泗泾,地铁9号线九亭,1364910,2.27485
地铁9号线九亭,地铁9号线中春路,1705830,2.84305
地铁9号线中春路,地铁9号线七宝,1756080,2.9268
地铁9号线七宝,地铁9号线星中路,1836030,3.06005
地铁9号线星中路,地铁9号线合川路,1873650,3.12275
地铁9号线合川路,地铁9号线漕河泾开发区,1952670,3.25445
地铁9号线漕河泾开发区,地铁9号线桂林路,2010390,3.35065
地铁9号线桂林路,地铁9号线宜山路,1957620,3.2627
地铁9号线宜山路,地铁9号线徐家汇,1804650,3.00775
地铁9号线徐家汇,地铁9号线肇嘉浜路,1536810,2.56135
地铁9号线肇嘉浜路,地铁9号线嘉善路,1375050,2.29175
地铁9号线嘉善路,地铁9号线打浦桥,1308900,2.1815
地铁9号线打浦桥,地铁9号线马当路,1267530,2.11255
地铁9号线马当路,地铁9号线陆家浜路,1254420,2.0907
地铁9号线陆家浜路,地铁9号线小南门,1212720,2.0212
地铁9号线小南门,地铁9号线商城路,1150620,1.9177
地铁9号线商城路,地铁9号线世纪大道,1077450,1.79575
地铁9号线世纪大道,地铁9号线杨高中路,1110330,1.85055
地铁9号线杨高中路,地铁9号线芳甸路,1125270,1.87545
地铁9号线芳甸路,地铁9号线蓝天路,1063470,1.77245
地铁9号线蓝天路,地铁9号线台儿庄路,974220,1.6237
地铁9号线台儿庄路,地铁9号线金桥,853500,1.4225
地铁9号线金桥,地铁9号线金吉路,685590,1.14265
地铁9号线金吉路,地铁9号线金海路,632340,1.0539
地铁9号线金海路,地铁9号线顾唐路,630930,1.05155
地铁9号线顾唐路,地铁9号线民雷路,512280,0.8538
地铁9号线民雷路,地铁9号线曹路,363150,0.60525
地铁10号线虹桥火车站,地铁10号线虹桥2号航站楼,355260,0.5921
地铁10号线虹桥2号航站楼,地铁10号线虹桥1号航站楼,394530,0.65755
地铁10号线虹桥1号航站楼,地铁10号线上海动物园,412050,0.68675
地铁10号线上海动物园,地铁10号线龙溪路,445950,0.74325
地铁10号线龙溪路,地铁10号线水城路,733740,1.2229
地铁10号线水城路,地铁10号线伊犁路,781920,1.3032
地铁10号线伊犁路,地铁10号线宋园路,872070,1.45345
地铁10号线宋园路,地铁10号线虹桥路,931080,1.5518
地铁10号线虹桥路,地铁10号线交通大学,834210,1.39035
地铁10号线交通大学,地铁10号线上海图书馆,768990,1.28165
地铁10号线上海图书馆,地铁10号线陕西南路,767790,1.27965
地铁10号线陕西南路,地铁10号线一大会址・新天地,744720,1.2412
地铁10号线一大会址・新天地,地铁10号线老西门,718140,1.1969
地铁10号线老西门,地铁10号线豫园,755700,1.2595
地铁10号线豫园,地铁10号线南京东路,718320,1.1972
地铁10号线南京东路,地铁10号线天潼路,906930,1.51155
地铁10号线天潼路,地铁10号线四川北路,897540,1.4959
地铁10号线四川北路,地铁10号线海伦路,816540,1.3609
地铁10号线海伦路,地铁10号线邮电新村,904950,1.50825
地铁10号线邮电新村,地铁10号线四平路,836250,1.39375
地铁10号线四平路,地铁10号线同济大学,731190,1.21865
地铁10号线同济大学,地铁10号线国权路,654030,1.09005
地铁10号线国权路,地铁10号线五角场,609060,1.0151
地铁10号线五角场,地铁10号线江湾体育场,518130,0.86355
地铁10号线江湾体育场,地铁10号线三门路,372840,0.6214
地铁10号线三门路,地铁10号线殷高东路,292440,0.4874
地铁10号线殷高东路,地铁10号线新江湾城,251280,0.4188
地铁10号线新江湾城,地铁10号线国帆路,164190,0.27365
地铁10号线国帆路,地铁10号线双江路,135540,0.2259
地铁10号线双江路,地铁10号线高桥西,96930,0.16155
地铁10号线高桥西,地铁10号线高桥,95430,0.15905
地铁10号线高桥,地铁10号线港城路,83640,0.1394
地铁10号线港城路,地铁10号线基隆路,18600,0.031
地铁10号线基隆路,地铁10号线港城路,18600,0.031
地铁10号线港城路,地铁10号线高桥,83640,0.1394
地铁10号线高桥,地铁10号线高桥西,95430,0.15905
地铁10号线高桥西,地铁10号线双江路,96930,0.16155
地铁10号线双江路,地铁10号线国帆路,135540,0.2259
地铁10号线国帆路,地铁10号线新江湾城,164190,0.27365
地铁10号线新江湾城,地铁10号线殷高东路,251280,0.4188
地铁10号线殷高东路,地铁10号线三门路,292440,0.4874
地铁10号线三门路,地铁10号线江湾体育场,372840,0.6214
地铁10号线江湾体育场,地铁10号线五角场,518130,0.86355
地铁10号线五角场,地铁10号线国权路,609060,1.0151
地铁10号线国权路,地铁10号线同济大学,654030,1.09005
地铁10号线同济大学,地铁10号线四平路,731190,1.21865
地铁10号线四平路,地铁10号线邮电新村,836250,1.39375
地铁10号线邮电新村,地铁10号线海伦路,904950,1.50825
地铁10号线海伦路,地铁10号线四川北路,816540,1.3609
地铁10号线四川北路,地铁10号线天潼路,897540,1.4959
地铁10号线天潼路,地铁10号线南京东路,906930,1.51155
地铁10号线南京东路,地铁10号线豫园,718320,1.1972
地铁10号线豫园,地铁10号线老西门,755700,1.2595
地铁10号线老西门,地铁10号线一大会址・新天地,718140,1.1969
地铁10号线一大会址・新天地,地铁10号线陕西南路,744720,1.2412
地铁10号线陕西南路,地铁10号线上海图书馆,767790,1.27965
地铁10号线上海图书馆,地铁10号线交通大学,768990,1.28165
地铁10号线交通大学,地铁10号线虹桥路,834210,1.39035
地铁10号线虹桥路,地铁10号线宋园路,931080,1.5518
地铁10号线宋园路,地铁10号线伊犁路,872070,1.45345
地铁10号线伊犁路,地铁10号线水城路,781920,1.3032
地铁10号线水城路,地铁10号线龙溪路,733740,1.2229
地铁10号线龙溪路,地铁10号线上海动物园,445950,0.74325
地铁10号线上海动物园,地铁10号线虹桥1号航站楼,412050,0.68675
地铁10号线虹桥1号航站楼,地铁10号线虹桥2号航站楼,394530,0.65755
地铁10号线虹桥2号航站楼,地铁10号线虹桥火车站,355260,0.5921
地铁10号线龙溪路,地铁10号线龙柏新村,326280,0.5438
地铁10号线龙柏新村,地铁10号线紫藤路,180900,0.3015
地铁10号线紫藤路,地铁10号线航中路,125400,0.209
地铁10号线航中路,地铁10号线紫藤路,125400,0.209
地铁10号线紫藤路,地铁10号线龙柏新村,180900,0.3015
地铁10号线龙柏新村,地铁10号线龙溪路,326280,0.5438
地铁11号线嘉定北,地铁11号线嘉定西,207450,0.34575
地铁11号线嘉定西,地铁11号线白银路,346260,0.5771
地铁11号线白银路,地铁11号线嘉定新城,434490,0.72415
地铁11号线嘉定新城,地铁11号线马陆,956910,1.59485
地铁11号线马陆,地铁11号线陈翔公路,1094550,1.82425
地铁11号线陈翔公路,地铁11号线南翔,1181310,1.96885
地铁11号线南翔,地铁11号线桃浦新村,1347450,2.24575
地铁11号线桃浦新村,地铁11号线武威路,1521090,2.53515
地铁11号线武威路,地铁11号线祁连山路,1524780,2.5413
地铁11号线祁连山路,地铁11号线李子园,1557930,2.59655
地铁11号线李子园,地铁11号线上海西站,1594140,2.6569
地铁11号线上海西站,地铁11号线真如,1600200,2.667
地铁11号线真如,地铁11号线枫桥路,1671660,2.7861
地铁11号线枫桥路,地铁11号线曹杨路,1719420,2.8657
地铁11号线曹杨路,地铁11号线隆德路,1214610,2.02435
地铁11号线隆德路,地铁11号线江苏路,1272180,2.1203
地铁11号线江苏路,地铁11号线交通大学,1029480,1.7158
地铁11号线交通大学,地铁11号线徐家汇,1037790,1.72965
地铁11号线徐家汇,地铁11号线上海游泳馆,869340,1.4489
地铁11号线上海游泳馆,地铁11号线龙华,852240,1.4204
地铁11号线龙华,地铁11号线云锦路,1079910,1.79985
地铁11号线云锦路,地铁11号线龙耀路,1041420,1.7357
地铁11号线龙耀路,地铁11号线东方体育中心,1030740,1.7179
地铁11号线东方体育中心,地铁11号线三林,696660,1.1611
地铁11号线三林,地铁11号线三林东,593280,0.9888
地铁11号线三林东,地铁11号线浦三路,510450,0.85075
地铁11号线浦三路,地铁11号线御桥,451020,0.7517
地铁11号线御桥,地铁11号线罗山路,372870,0.62145
地铁11号线罗山路,地铁11号线秀沿路,234900,0.3915
地铁11号线秀沿路,地铁11号线康新公路,89220,0.1487
地铁11号线康新公路,地铁11号线迪士尼,10710,0.01785
地铁11号线迪士尼,地铁11号线康新公路,10710,0.01785
地铁11号线康新公路,地铁11号线秀沿路,89220,0.1487
地铁11号线秀沿路,地铁11号线罗山路,234900,0.3915
地铁11号线罗山路,地铁11号线御桥,372870,0.62145
地铁11号线御桥,地铁11号线浦三路,451020,0.7517
地铁11号线浦三路,地铁11号线三林东,510450,0.85075
地铁11号线三林东,地铁11号线三林,593280,0.9888
地铁11号线三林,地铁11号线东方体育中心,696660,1.1611
地铁11号线东方体育中心,地铁11号线龙耀路,1030740,1.7179
地铁11号线龙耀路,地铁11号线云锦路,1041420,1.7357
地铁11号线云锦路,地铁11号线龙华,1079910,1.79985
地铁11号线龙华,地铁11号线上海游泳馆,852240,1.4204
地铁11号线上海游泳馆,地铁11号线徐家汇,869340,1.4489
地铁11号线徐家汇,地铁11号线交通大学,1037790,1.72965
地铁11号线交通大学,地铁11号线江苏路,1029480,1.7158
地铁11号线江苏路,地铁11号线隆德路,1272180,2.1203
地铁11号线隆德路,地铁11号线曹杨路,1214610,2.02435
地铁11号线曹杨路,地铁11号线枫桥路,1719420,2.8657
地铁11号线枫桥路,地铁11号线真如,1671660,2.7861
地铁11号线真如,地铁11号线上海西站,1600200,2.667
地铁11号线上海西站,地铁11号线李子园,1594140,2.6569
地铁11号线李子园,地铁11号线祁连山路,1557930,2.59655
地铁11号线祁连山路,地铁11号线武威路,1524780,2.5413
地铁11号线武威路,地铁11号线桃浦新村,1521090,2.53515
地铁11号线桃浦新村,地铁11号线南翔,1347450,2.24575
地铁11号线南翔,地铁11号线陈翔公路,1181310,1.96885
地铁11号线陈翔公路,地铁11号线马陆,1094550,1.82425
地铁11号线马陆,地铁11号线嘉定新城,956910,1.59485
地铁11号线嘉定新城,地铁11号线白银路,434490,0.72415
地铁11号线白银路,地铁11号线嘉定西,346260,0.5771
地铁11号线嘉定西,地铁11号线嘉定北,207450,0.34575
地铁11号线嘉定新城,地铁11号线上海赛车场,474630,0.79105
地铁11号线上海赛车场,地铁11号线昌吉东路,455670,0.75945
地铁11号线昌吉东路,地铁11号线上海汽车城,397470,0.66245
地铁11号线上海汽车城,地铁11号线安亭,345540,0.5759
地铁11号线安亭,地铁11号线兆丰路,277410,0.46235
地铁11号线兆丰路,地铁11号线光明路,188850,0.31475
地铁11号线光明路,地铁11号线花桥,132120,0.2202
地铁11号线花桥,地铁11号线光明路,132120,0.2202
地铁11号线光明路,地铁11号线兆丰路,188850,0.31475
地铁11号线兆丰路,地铁11号线安亭,277410,0.46235
地铁11号线安亭,地铁11号线上海汽车城,345540,0.5759
地铁11号线上海汽车城,地铁11号线昌吉东路,397470,0.66245
地铁11号线昌吉东路,地铁11号线上海赛车场,455670,0.75945
地铁11号线上海赛车场,地铁11号线嘉定新城,474630,0.79105
地铁12号线七莘路,地铁12号线虹莘路,222030,0.37005
地铁12号线虹莘路,地铁12号线顾戴路,279570,0.46595
地铁12号线顾戴路,地铁12号线东兰路,353700,0.5895
地铁12号线东兰路,地铁12号线虹梅路,417960,0.6966
地铁12号线虹梅路,地铁12号线虹漕路,590400,0.984
地铁12号线虹漕路,地铁12号线桂林公园,754080,1.2568
地铁12号线桂林公园,地铁12号线漕宝路,775650,1.29275
地铁12号线漕宝路,地铁12号线龙漕路,870450,1.45075
地铁12号线龙漕路,地铁12号线龙华,967320,1.6122
地铁12号线龙华,地铁12号线龙华中路,849420,1.4157
地铁12号线龙华中路,地铁12号线大木桥路,601620,1.0027
地铁12号线大木桥路,地铁12号线嘉善路,587010,0.97835
地铁12号线嘉善路,地铁12号线陕西南路,679590,1.13265
地铁12号线陕西南路,地铁12号线南京西路,776790,1.29465
地铁12号线南京西路,地铁12号线汉中路,835260,1.3921
地铁12号线汉中路,地铁12号线曲阜路,988320,1.6472
地铁12号线曲阜路,地铁12号线天潼路,960810,1.60135
地铁12号线天潼路,地铁12号线国际客运中心,835050,1.39175
地铁12号线国际客运中心,地铁12号线提篮桥,776550,1.29425
地铁12号线提篮桥,地铁12号线大连路,737550,1.22925
地铁12号线大连路,地铁12号线江浦公园,948900,1.5815
地铁12号线江浦公园,地铁12号线宁国路,900300,1.5005
地铁12号线宁国路,地铁12号线隆昌路,758550,1.26425
地铁12号线隆昌路,地铁12号线爱国路,651060,1.0851
地铁12号线爱国路,地铁12号线复兴岛,583320,0.9722
地铁12号线复兴岛,地铁12号线东陆路,577170,0.96195
地铁12号线东陆路,地铁12号线巨峰路,467370,0.77895
地铁12号线巨峰路,地铁12号线杨高北路,326700,0.5445
地铁12号线杨高北路,地铁12号线金京路,256620,0.4277
地铁12号线金京路,地铁12号线申江路,176280,0.2938
地铁12号线申江路,地铁12号线金海路,135150,0.22525
地铁12号线金海路,地铁12号线申江路,135150,0.22525
地铁12号线申江路,地铁12号线金京路,176280,0.2938
地铁12号线金京路,地铁12号线杨高北路,256620,0.4277
地铁12号线杨高北路,地铁12号线巨峰路,326700,0.5445
地铁12号线巨峰路,地铁12号线东陆路,467370,0.77895
地铁12号线东陆路,地铁12号线复兴岛,577170,0.96195
地铁12号线复兴岛,地铁12号线爱国路,583320,0.9722
地铁12号线爱国路,地铁12号线隆昌路,651060,1.0851
地铁12号线隆昌路,地铁12号线宁国路,758550,1.26425
地铁12号线宁国路,地铁12号线江浦公园,900300,1.5005
地铁12号线江浦公园,地铁12号线大连路,948900,1.5815
地铁12号线大连路,地铁12号线提篮桥,737550,1.22925
地铁12号线提篮桥,地铁12号线国际客运中心,776550,1.29425
地铁12号线国际客运中心,地铁12号线天潼路,835050,1.39175
地铁12号线天潼路,地铁12号线曲阜路,960810,1.60135
地铁12号线曲阜路,地铁12号线汉中路,988320,1.6472
地铁12号线汉中路,地铁12号线南京西路,835260,1.3921
地铁12号线南京西路,地铁12号线陕西南路,776790,1.29465
地铁12号线陕西南路,地铁12号线嘉善路,679590,1.13265
地铁12号线嘉善路,地铁12号线大木桥路,587010,0.97835
地铁12号线大木桥路,地铁12号线龙华中路,601620,1.0027
地铁12号线龙华中路,地铁12号线龙华,849420,1.4157
地铁12号线龙华,地铁12号线龙漕路,967320,1.6122
地铁12号线龙漕路,地铁12号线漕宝路,870450,1.45075
地铁12号线漕宝路,地铁12号线桂林公园,775650,1.29275
地铁12号线桂林公园,地铁12号线虹漕路,754080,1.2568
地铁12号线虹漕路,地铁12号线虹梅路,590400,0.984
地铁12号线虹梅路,地铁12号线东兰路,417960,0.6966
地铁12号线东兰路,地铁12号线顾戴路,353700,0.5895
地铁12号线顾戴路,地铁12号线虹莘路,279570,0.46595
地铁12号线虹莘路,地铁12号线七莘路,222030,0.37005
地铁13号线金运路,地铁13号线金沙江西路,362880,0.6048
地铁13号线金沙江西路,地铁13号线丰庄,499830,0.83305
地铁13号线丰庄,地铁13号线祁连山南路,638550,1.06425
地铁13号线祁连山南路,地铁13号线真北路,837930,1.39655
地铁13号线真北路,地铁13号线大渡河路,991110,1.65185
地铁13号线大渡河路,地铁13号线金沙江路,981660,1.6361
地铁13号线金沙江路,地铁13号线隆德路,792240,1.3204
地铁13号线隆德路,地铁13号线武宁路,800760,1.3346
地铁13号线武宁路,地铁13号线长寿路,806850,1.34475
地铁13号线长寿路,地铁13号线江宁路,828390,1.38065
地铁13号线江宁路,地铁13号线汉中路,827010,1.37835
地铁13号线汉中路,地铁13号线自然博物馆,570690,0.95115
地铁13号线自然博物馆,地铁13号线南京西路,554820,0.9247
地铁13号线南京西路,地铁13号线淮海中路,542820,0.9047
地铁13号线淮海中路,地铁13号线一大会址・新天地,538860,0.8981
地铁13号线一大会址・新天地,地铁13号线马当路,744720,1.2412
地铁13号线马当路,地铁13号线世博会博物馆,693630,1.15605
地铁13号线世博会博物馆,地铁13号线世博大道,632460,1.0541
地铁13号线世博大道,地铁13号线长清路,595350,0.99225
地铁13号线长清路,地铁13号线成山路,612150,1.02025
地铁13号线成山路,地铁13号线东明路,625560,1.0426
地铁13号线东明路,地铁13号线华鹏路,616860,1.0281
地铁13号线华鹏路,地铁13号线下南路,531240,0.8854
地铁13号线下南路,地铁13号线北蔡,464700,0.7745
地铁13号线北蔡,地铁13号线陈春路,424440,0.7074
地铁13号线陈春路,地铁13号线莲溪路,372210,0.62035
地铁13号线莲溪路,地铁13号线华夏中路,360300,0.6005
地铁13号线华夏中路,地铁13号线中科路,379320,0.6322
地铁13号线中科路,地铁13号线学林路,226470,0.37745
地铁13号线学林路,地铁13号线张江路,149550,0.24925
地铁13号线张江路,地铁13号线学林路,149550,0.24925
地铁13号线学林路,地铁13号线中科路,226470,0.37745
地铁13号线中科路,地铁13号线华夏中路,379320,0.6322
地铁13号线华夏中路,地铁13号线莲溪路,360300,0.6005
地铁13号线莲溪路,地铁13号线陈春路,372210,0.62035
地铁13号线陈春路,地铁13号线北蔡,424440,0.7074
地铁13号线北蔡,地铁13号线下南路,464700,0.7745
地铁13号线下南路,地铁13号线华鹏路,531240,0.8854
地铁13号线华鹏路,地铁13号线东明路,616860,1.0281
地铁13号线东明路,地铁13号线成山路,625560,1.0426
地铁13号线成山路,地铁13号线长清路,612150,1.02025
地铁13号线长清路,地铁13号线世博大道,595350,0.99225
地铁13号线世博大道,地铁13号线世博会博物馆,632460,1.0541
地铁13号线世博会博物馆,地铁13号线马当路,693630,1.15605
地铁13号线马当路,地铁13号线一大会址・新天地,744720,1.2412
地铁13号线一大会址・新天地,地铁13号线淮海中路,538860,0.8981
地铁13号线淮海中路,地铁13号线南京西路,542820,0.9047
地铁13号线南京西路,地铁13号线自然博物馆,554820,0.9247
地铁13号线自然博物馆,地铁13号线汉中路,570690,0.95115
地铁13号线汉中路,地铁13号线江宁路,827010,1.37835
地铁13号线江宁路,地铁13号线长寿路,828390,1.38065
地铁13号线长寿路,地铁13号线武宁路,806850,1.34475
地铁13号线武宁路,地铁13号线隆德路,800760,1.3346
地铁13号线隆德路,地铁13号线金沙江路,792240,1.3204
地铁13号线金沙江路,地铁13号线大渡河路,981660,1.6361
地铁13号线大渡河路,地铁13号线真北路,991110,1.65185
地铁13号线真北路,地铁13号线祁连山南路,837930,1.39655
地铁13号线祁连山南路,地铁13号线丰庄,638550,1.06425
地铁13号线丰庄,地铁13号线金沙江西路,499830,0.83305
地铁13号线金沙江西路,地铁13号线金运路,362880,0.6048
地铁13号线金运路,地铁13号线纪翟路,7560,0.0126
地铁13号线纪翟路,地铁13号线芳乐路,7560,0.0126
地铁13号线芳乐路,地铁13号线季乐路,7560,0.0126
地铁13号线季乐路,地铁13号线运乐路,7560,0.0126
地铁13号线运乐路,地铁13号线诸光路,7560,0.0126
地铁13号线诸光路,地铁13号线运乐路,7560,0.0126
地铁13号线运乐路,地铁13号线季乐路,7560,0.0126
地铁13号线季乐路,地铁13号线芳乐路,7560,0.0126
地铁13号线芳乐路,地铁13号线纪翟路,7560,0.0126
地铁13号线纪翟路,地铁13号线金运路,7560,0.0126
地铁14号线封浜,地铁14号线乐秀路,5850,0.00975
地铁14号线乐秀路,地铁14号线临洮路,5850,0.00975
地铁14号线临洮路,地铁14号线嘉怡路,5850,0.00975
地铁14号线嘉怡路,地铁14号线定边路,5850,0.00975
地铁14号线定边路,地铁14号线真新新村,5850,0.00975
地铁14号线真新新村,地铁14号线真光路,5850,0.00975
地铁14号线真光路,地铁14号线铜川路,5850,0.00975
地铁14号线铜川路,地铁14号线真如,27000,0.045
地铁14号线真如,地铁14号线中宁路,27000,0.045
地铁14号线中宁路,地铁14号线曹杨路,27000,0.045
地铁14号线曹杨路,地铁14号线武宁路,122760,0.2046
地铁14号线武宁路,地铁14号线武定路,151050,0.25175
地铁14号线武定路,地铁14号线静安寺,151050,0.25175
地铁14号线静安寺,地铁14号线一大会址・黄陂南路,110190,0.18365
地铁14号线一大会址・黄陂南路,地铁14号线大世界,106530,0.17755
地铁14号线大世界,地铁14号线豫园,53280,0.0888
地铁14号线豫园,地铁14号线陆家嘴,47130,0.07855
地铁14号线陆家嘴,地铁14号线浦东南路,47130,0.07855
地铁14号线浦东南路,地铁14号线浦东大道,47130,0.07855
地铁14号线浦东大道,地铁14号线源深路,29460,0.0491
地铁14号线源深路,地铁14号线昌邑路,29460,0.0491
地铁14号线昌邑路,地铁14号线歇浦路,29460,0.0491
地铁14号线歇浦路,地铁14号线云山路,29460,0.0491
地铁14号线云山路,地铁14号线蓝天路,18420,0.0307
地铁14号线蓝天路,地铁14号线黄杨路,5850,0.00975
地铁14号线黄杨路,地铁14号线云顺路,5850,0.00975
地铁14号线云顺路,地铁14号线浦东足球场,5850,0.00975
地铁14号线浦东足球场,地铁14号线金粤路,5850,0.00975
地铁14号线金粤路,地铁14号线桂桥路,5850,0.00975
地铁14号线桂桥路,地铁14号线金粤路,5850,0.00975
地铁14号线金粤路,地铁14号线浦东足球场,5850,0.00975
地铁14号线浦东足球场,地铁14号线云顺路,5850,0.00975
地铁14号线云顺路,地铁14号线黄杨路,5850,0.00975
地铁14号线黄杨路,地铁14号线蓝天路,5850,0.00975
地铁14号线蓝天路,地铁14号线云山路,18420,0.0307
地铁14号线云山路,地铁14号线歇浦路,29460,0.0491
地铁14号线歇浦路,地铁14号线昌邑路,29460,0.0491
地铁14号线昌邑路,地铁14号线源深路,29460,0.0491
地铁14号线源深路,地铁14号线浦东大道,29460,0.0491
地铁14号线浦东大道,地铁14号线浦东南路,47130,0.07855
地铁14号线浦东南路,地铁14号线陆家嘴,47130,0.07855
地铁14号线陆家嘴,地铁14号线豫园,47130,0.07855
地铁14号线豫园,地铁14号线大世界,53280,0.0888
地铁14号线大世界,地铁14号线一大会址・黄陂南路,106530,0.17755
地铁14号线一大会址・黄陂南路,地铁14号线静安寺,110190,0.18365
地铁14号线静安寺,地铁14号线武定路,151050,0.25175
地铁14号线武定路,地铁14号线武宁路,151050,0.25175
地铁14号线武宁路,地铁14号线曹杨路,122760,0.2046
地铁14号线曹杨路,地铁14号线中宁路,27000,0.045
地铁14号线中宁路,地铁14号线真如,27000,0.045
地铁14号线真如,地铁14号线铜川路,27000,0.045
地铁14号线铜川路,地铁14号线真光路,5850,0.00975
地铁14号线真光路,地铁14号线真新新村,5850,0.00975
地铁14号线真新新村,地铁14号线定边路,5850,0.00975
地铁14号线定边路,地铁14号线嘉怡路,5850,0.00975
地铁14号线嘉怡路,地铁14号线临洮路,5850,0.00975
地铁14号线临洮路,地铁14号线乐秀路,5850,0.00975
地铁14号线乐秀路,地铁14号线封浜,5850,0.00975
地铁15号线顾村公园,地铁15号线锦秋路,216000,0.36
地铁15号线锦秋路,地铁15号线丰翔路,267330,0.44555
地铁15号线丰翔路,地铁15号线南大路,323520,0.5392
地铁15号线南大路,地铁15号线祁安路,326190,0.54365
地铁15号线祁安路,地铁15号线古浪路,371790,0.61965
地铁15号线古浪路,地铁15号线武威东路,414990,0.69165
地铁15号线武威东路,地铁15号线上海西站,453240,0.7554
地铁15号线上海西站,地铁15号线铜川路,574800,0.958
地铁15号线铜川路,地铁15号线梅岭北路,586170,0.97695
地铁15号线梅岭北路,地铁15号线大渡河路,618210,1.03035
地铁15号线大渡河路,地铁15号线长风公园,638130,1.06355
地铁15号线长风公园,地铁15号线娄山关路,620430,1.03405
地铁15号线娄山关路,地铁15号线红宝石路,630810,1.05135
地铁15号线红宝石路,地铁15号线姚虹路,632250,1.05375
地铁15号线姚虹路,地铁15号线吴中路,631920,1.0532
地铁15号线吴中路,地铁15号线桂林路,658440,1.0974
地铁15号线桂林路,地铁15号线桂林公园,674700,1.1245
地铁15号线桂林公园,地铁15号线上海南站,642720,1.0712
地铁15号线上海南站,地铁15号线华东理工大学,649620,1.0827
地铁15号线华东理工大学,地铁15号线罗秀路,571710,0.95285
地铁15号线罗秀路,地铁15号线朱梅路,462990,0.77165
地铁15号线朱梅路,地铁15号线华泾西,378330,0.63055
地铁15号线华泾西,地铁15号线虹梅南路,328170,0.54695
地铁15号线虹梅南路,地铁15号线景西路,282840,0.4714
地铁15号线景西路,地铁15号线曙建路,257550,0.42925
地铁15号线曙建路,地铁15号线双柏路,219720,0.3662
地铁15号线双柏路,地铁15号线元江路,158610,0.26435
地铁15号线元江路,地铁15号线永德路,138720,0.2312
地铁15号线永德路,地铁15号线紫竹高新区,75600,0.126
地铁15号线紫竹高新区,地铁15号线永德路,75600,0.126
地铁15号线永德路,地铁15号线元江路,138720,0.2312
地铁15号线元江路,地铁15号线双柏路,158610,0.26435
地铁15号线双柏路,地铁15号线曙建路,219720,0.3662
地铁15号线曙建路,地铁15号线景西路,257550,0.42925
地铁15号线景西路,地铁15号线虹梅南路,282840,0.4714
地铁15号线虹梅南路,地铁15号线华泾西,328170,0.54695
地铁15号线华泾西,地铁15号线朱梅路,378330,0.63055
地铁15号线朱梅路,地铁15号线罗秀路,462990,0.77165
地铁15号线罗秀路,地铁15号线华东理工大学,571710,0.95285
地铁15号线华东理工大学,地铁15号线上海南站,649620,1.0827
地铁15号线上海南站,地铁15号线桂林公园,642720,1.0712
地铁15号线桂林公园,地铁15号线桂林路,674700,1.1245
地铁15号线桂林路,地铁15号线吴中路,658440,1.0974
地铁15号线吴中路,地铁15号线姚虹路,631920,1.0532
地铁15号线姚虹路,地铁15号线红宝石路,632250,1.05375
地铁15号线红宝石路,地铁15号线娄山关路,630810,1.05135
地铁15号线娄山关路,地铁15号线长风公园,620430,1.03405
地铁15号线长风公园,地铁15号线大渡河路,638130,1.06355
地铁15号线大渡河路,地铁15号线梅岭北路,618210,1.03035
地铁15号线梅岭北路,地铁15号线铜川路,586170,0.97695
地铁15号线铜川路,地铁15号线上海西站,574800,0.958
地铁15号线上海西站,地铁15号线武威东路,453240,0.7554
地铁15号线武威东路,地铁15号线古浪路,414990,0.69165
地铁15号线古浪路,地铁15号线祁安路,371790,0.61965
地铁15号线祁安路,地铁15号线南大路,326190,0.54365
地铁15号线南大路,地铁15号线丰翔路,323520,0.5392
地铁15号线丰翔路,地铁15号线锦秋路,267330,0.44555
地铁15号线锦秋路,地铁15号线顾村公园,216000,0.36
地铁16号线龙阳路,地铁16号线华夏中路,709050,1.18175
地铁16号线华夏中路,地铁16号线罗山路,816360,1.3606
地铁16号线罗山路,地铁16号线周浦东,950970,1.58495
地铁16号线周浦东,地铁16号线鹤沙航城,843030,1.40505
地铁16号线鹤沙航城,地铁16号线航头东,641010,1.06835
地铁16号线航头东,地铁16号线新场,611910,1.01985
地铁16号线新场,地铁16号线野生动物园,499080,0.8318
地铁16号线野生动物园,地铁16号线惠南,408600,0.681
地铁16号线惠南,地铁16号线惠南东,181140,0.3019
地铁16号线惠南东,地铁16号线书院,151980,0.2533
地铁16号线书院,地铁16号线临港大道,105660,0.1761
地铁16号线临港大道,地铁16号线滴水湖,63510,0.10585
地铁16号线滴水湖,地铁16号线临港大道,63510,0.10585
地铁16号线临港大道,地铁16号线书院,105660,0.1761
地铁16号线书院,地铁16号线惠南东,151980,0.2533
地铁16号线惠南东,地铁16号线惠南,181140,0.3019
地铁16号线惠南,地铁16号线野生动物园,408600,0.681
地铁16号线野生动物园,地铁16号线新场,499080,0.8318
地铁16号线新场,地铁16号线航头东,611910,1.01985
地铁16号线航头东,地铁16号线鹤沙航城,641010,1.06835
地铁16号线鹤沙航城,地铁16号线周浦东,843030,1.40505
地铁16号线周浦东,地铁16号线罗山路,950970,1.58495
地铁16号线罗山路,地铁16号线华夏中路,816360,1.3606
地铁16号线华夏中路,地铁16号线龙阳路,709050,1.18175
地铁17号线虹桥火车站,地铁17号线诸光路,845310,1.40885
地铁17号线诸光路,地铁17号线蟠龙路,813120,1.3552
地铁17号线蟠龙路,地铁17号线徐盈路,789360,1.3156
地铁17号线徐盈路,地铁17号线徐泾北城,684090,1.14015
地铁17号线徐泾北城,地铁17号线嘉松中路,546630,0.91105
地铁17号线嘉松中路,地铁17号线赵巷,505320,0.8422
地铁17号线赵巷,地铁17号线汇金路,429030,0.71505
地铁17号线汇金路,地铁17号线青浦新城,281220,0.4687
地铁17号线青浦新城,地铁17号线漕盈路,210780,0.3513
地铁17号线漕盈路,地铁17号线淀山湖大道,112440,0.1874
地铁17号线淀山湖大道,地铁17号线朱家角,53130,0.08855
地铁17号线朱家角,地铁17号线东方绿舟,17580,0.0293
地铁17号线东方绿舟,地铁17号线朱家角,17580,0.0293
地铁17号线朱家角,地铁17号线淀山湖大道,53130,0.08855
地铁17号线淀山湖大道,地铁17号线漕盈路,112440,0.1874
地铁17号线漕盈路,地铁17号线青浦新城,210780,0.3513
地铁17号线青浦新城,地铁17号线汇金路,281220,0.4687
地铁17号线汇金路,地铁17号线赵巷,429030,0.71505
地铁17号线赵巷,地铁17号线嘉松中路,505320,0.8422
地铁17号线嘉松中路,地铁17号线徐泾北城,546630,0.91105
地铁17号线徐泾北城,地铁17号线徐盈路,684090,1.14015
地铁17号线徐盈路,地铁17号线蟠龙路,789360,1.3156
地铁17号线蟠龙路,地铁17号线诸光路,813120,1.3552
地铁17号线诸光路,地铁17号线虹桥火车站,845310,1.40885
地铁17号线西岑,地铁17号线东方绿舟,5850,0.00975
地铁17号线东方绿舟,地铁17号线西岑,5850,0.00975
地铁18号线长江南路,地铁18号线殷高路,145800,0.243
地铁18号线殷高路,地铁18号线上海财经大学,145800,0.243
地铁18号线上海财经大学,地铁18号线复旦大学,145800,0.243
地铁18号线复旦大学,地铁18号线国权路,145800,0.243
地铁18号线国权路,地铁18号线抚顺路,211950,0.35325
地铁18号线抚顺路,地铁18号线江浦路,211950,0.35325
地铁18号线江浦路,地铁18号线江浦公园,327300,0.5455
地铁18号线江浦公园,地铁18号线平凉路,284070,0.47345
地铁18号线平凉路,地铁18号线丹阳路,284070,0.47345
地铁18号线丹阳路,地铁18号线昌邑路,284070,0.47345
地铁18号线昌邑路,地铁18号线民生路,284070,0.47345
地铁18号线民生路,地铁18号线杨高中路,317340,0.5289
地铁18号线杨高中路,地铁18号线迎春路,359970,0.59995
地铁18号线迎春路,地铁18号线龙阳路,359970,0.59995
地铁18号线龙阳路,地铁18号线芳芯路,171780,0.2863
地铁18号线芳芯路,地铁18号线北中路,171780,0.2863
地铁18号线北中路,地铁18号线莲溪路,171780,0.2863
地铁18号线莲溪路,地铁18号线御桥,123630,0.20605
地铁18号线御桥,地铁18号线康桥,5850,0.00975
地铁18号线康桥,地铁18号线周浦,5850,0.00975
地铁18号线周浦,地铁18号线繁荣路,5850,0.00975
地铁18号线繁荣路,地铁18号线沈梅路,5850,0.00975
地铁18号线沈梅路,地铁18号线鹤涛路,5850,0.00975
地铁18号线鹤涛路,地铁18号线下沙,5850,0.00975
地铁18号线下沙,地铁18号线航头,5850,0.00975
地铁18号线航头,地铁18号线下沙,5850,0.00975
地铁18号线下沙,地铁18号线鹤涛路,5850,0.00975
地铁18号线鹤涛路,地铁18号线沈梅路,5850,0.00975
地铁18号线沈梅路,地铁18号线繁荣路,5850,0.00975
地铁18号线繁荣路,地铁18号线周浦,5850,0.00975
地铁18号线周浦,地铁18号线康桥,5850,0.00975
地铁18号线康桥,地铁18号线御桥,5850,0.00975
地铁18号线御桥,地铁18号线莲溪路,123630,0.20605
地铁18号线莲溪路,地铁18号线北中路,171780,0.2863
地铁18号线北中路,地铁18号线芳芯路,171780,0.2863
地铁18号线芳芯路,地铁18号线龙阳路,171780,0.2863
地铁18号线龙阳路,地铁18号线迎春路,359970,0.59995
地铁18号线迎春路,地铁18号线杨高中路,359970,0.59995
地铁18号线杨高中路,地铁18号线民生路,317340,0.5289
地铁18号线民生路,地铁18号线昌邑路,284070,0.47345
地铁18号线昌邑路,地铁18号线丹阳路,284070,0.47345
地铁18号线丹阳路,地铁18号线平凉路,284070,0.47345
地铁18号线平凉路,地铁18号线江浦公园,284070,0.47345
地铁18号线江浦公园,地铁18号线江浦路,327300,0.5455
地铁18号线江浦路,地铁18号线抚顺路,211950,0.35325
地铁18号线抚顺路,地铁18号线国权路,211950,0.35325
地铁18号线国权路,地铁18号线复旦大学,145800,0.243
地铁18号线复旦大学,地铁18号线上海财经大学,145800,0.243
地铁18号线上海财经大学,地铁18号线殷高路,145800,0.243
地铁18号线殷高路,地铁18号线长江南路,145800,0.243
地铁18号线大康路,地铁18号线呼兰路,5850,0.00975
地铁18号线呼兰路,地铁18号线爱辉路,52650,0.08775
地铁18号线爱辉路,地铁18号线江杨南路,52650,0.08775
地铁18号线江杨南路,地铁18号线长江西路,52650,0.08775
地铁18号线长江西路,地铁18号线通南路,52650,0.08775
地铁18号线通南路,地铁18号线长江南路,52650,0.08775
地铁18号线长江南路,地铁18号线通南路,52650,0.08775
地铁18号线通南路,地铁18号线长江西路,52650,0.08775
地铁18号线长江西路,地铁18号线江杨南路,52650,0.08775
地铁18号线江杨南路,地铁18号线爱辉路,52650,0.08775
地铁18号线爱辉路,地铁18号线呼兰路,52650,0.08775
地铁18号线呼兰路,地铁18号线大康路,5850,0.00975
磁浮线龙阳路,磁浮线浦东国际机场,5850,0.00975
磁浮线浦东国际机场,磁浮线龙阳路,5850,0.00975
浦江线沈杜公路,浦江线三鲁公路,5850,0.00975
浦江线三鲁公路,浦江线闵瑞路,5850,0.00975
浦江线闵瑞路,浦江线浦航路,5850,0.00975
浦江线浦航路,浦江线东城一路,5850,0.00975
浦江线东城一路,浦江线汇臻路,5850,0.00975
浦江线汇臻路,浦江线东城一路,5850,0.00975
浦江线东城一路,浦江线浦航路,5850,0.00975
浦江线浦航路,浦江线闵瑞路,5850,0.00975
浦江线闵瑞路,浦江线三鲁公路,5850,0.00975
浦江线三鲁公路,浦江线沈杜公路,5850,0.00975
