o,d,volume
地铁1号线莘庄,地铁1号线外环路,2285.0
地铁1号线外环路,地铁1号线莲花路,2157.0
地铁1号线莲花路,地铁1号线锦江乐园,2541.0
地铁1号线锦江乐园,地铁1号线上海南站,2488.0
地铁1号线上海南站,地铁1号线漕宝路,2612.0
地铁1号线漕宝路,地铁1号线上海体育馆,3939.0
地铁1号线上海体育馆,地铁1号线徐家汇,4504.0
地铁1号线徐家汇,地铁1号线衡山路,6786.0
地铁1号线衡山路,地铁1号线常熟路,7136.0
地铁1号线常熟路,地铁1号线陕西南路,7433.0
地铁1号线陕西南路,地铁1号线一大会址·黄陂南路,9173.0
地铁1号线一大会址·黄陂南路,地铁1号线人民广场,12212.0
地铁1号线人民广场,地铁1号线新闸路,19763.0
地铁1号线新闸路,地铁1号线汉中路,20793.0
地铁1号线汉中路,地铁1号线上海火车站,32445.0
地铁1号线上海火车站,地铁1号线中山北路,35143.0
地铁1号线中山北路,地铁1号线延长路,34360.0
地铁1号线延长路,地铁1号线上海马戏城,32827.0
地铁1号线上海马戏城,地铁1号线汶水路,33141.0
地铁1号线汶水路,地铁1号线彭浦新村,35166.0
地铁1号线彭浦新村,地铁1号线共康路,29653.0
地铁1号线共康路,地铁1号线通河新村,25480.0
地铁1号线通河新村,地铁1号线呼兰路,18845.0
地铁1号线呼兰路,地铁1号线共富新村,17232.0
地铁1号线共富新村,地铁1号线宝安公路,12228.0
地铁1号线宝安公路,地铁1号线友谊西路,6583.0
地铁1号线友谊西路,地铁1号线富锦路,5524.0
地铁1号线富锦路,地铁1号线友谊西路,490.0
地铁1号线友谊西路,地铁1号线宝安公路,702.0
地铁1号线宝安公路,地铁1号线共富新村,874.0
地铁1号线共富新村,地铁1号线呼兰路,1160.0
地铁1号线呼兰路,地铁1号线通河新村,1564.0
地铁1号线通河新村,地铁1号线共康路,1451.0
地铁1号线共康路,地铁1号线彭浦新村,1578.0
地铁1号线彭浦新村,地铁1号线汶水路,1719.0
地铁1号线汶水路,地铁1号线上海马戏城,5674.0
地铁1号线上海马戏城,地铁1号线延长路,7728.0
地铁1号线延长路,地铁1号线中山北路,7669.0
地铁1号线中山北路,地铁1号线上海火车站,7590.0
地铁1号线上海火车站,地铁1号线汉中路,7354.0
地铁1号线汉中路,地铁1号线新闸路,7420.0
地铁1号线新闸路,地铁1号线人民广场,7635.0
地铁1号线人民广场,地铁1号线一大会址·黄陂南路,10427.0
地铁1号线一大会址·黄陂南路,地铁1号线陕西南路,13149.0
地铁1号线陕西南路,地铁1号线常熟路,15684.0
地铁1号线常熟路,地铁1号线衡山路,16814.0
地铁1号线衡山路,地铁1号线徐家汇,17417.0
地铁1号线徐家汇,地铁1号线上海体育馆,21118.0
地铁1号线上海体育馆,地铁1号线漕宝路,24727.0
地铁1号线漕宝路,地铁1号线上海南站,24752.0
地铁1号线上海南站,地铁1号线锦江乐园,23516.0
地铁1号线锦江乐园,地铁1号线莲花路,21560.0
地铁1号线莲花路,地铁1号线外环路,17554.0
地铁1号线外环路,地铁1号线莘庄,14794.0
地铁2号线徐泾东,地铁2号线虹桥火车站,1774.0
地铁2号线虹桥火车站,地铁2号线虹桥2号航站楼,8014.0
地铁2号线虹桥2号航站楼,地铁2号线淞虹路,6974.0
地铁2号线淞虹路,地铁2号线北新泾,12546.0
地铁2号线北新泾,地铁2号线威宁路,12303.0
地铁2号线威宁路,地铁2号线娄山关路,12528.0
地铁2号线娄山关路,地铁2号线中山公园,16663.0
地铁2号线中山公园,地铁2号线江苏路,11668.0
地铁2号线江苏路,地铁2号线静安寺,11380.0
地铁2号线静安寺,地铁2号线南京西路,13724.0
地铁2号线南京西路,地铁2号线人民广场,14366.0
地铁2号线人民广场,地铁2号线南京东路,13028.0
地铁2号线南京东路,地铁2号线陆家嘴,15994.0
地铁2号线陆家嘴,地铁2号线东昌路,25816.0
地铁2号线东昌路,地铁2号线世纪大道,29239.0
地铁2号线世纪大道,地铁2号线上海科技馆,27469.0
地铁2号线上海科技馆,地铁2号线世纪公园,28556.0
地铁2号线世纪公园,地铁2号线龙阳路,25847.0
地铁2号线龙阳路,地铁2号线张江高科,16637.0
地铁2号线张江高科,地铁2号线金科路,19021.0
地铁2号线金科路,地铁2号线广兰路,21335.0
地铁2号线广兰路,地铁2号线唐镇,20835.0
地铁2号线唐镇,地铁2号线创新中路,14986.0
地铁2号线创新中路,地铁2号线华夏东路,13777.0
地铁2号线华夏东路,地铁2号线川沙,9496.0
地铁2号线川沙,地铁2号线凌空路,2260.0
地铁2号线凌空路,地铁2号线远东大道,286.0
地铁2号线远东大道,地铁2号线海天三路,140.0
地铁2号线海天三路,地铁2号线浦东国际机场,111.0
地铁2号线浦东国际机场,地铁2号线海天三路,418.0
地铁2号线海天三路,地铁2号线远东大道,700.0
地铁2号线远东大道,地铁2号线凌空路,694.0
地铁2号线凌空路,地铁2号线川沙,663.0
地铁2号线川沙,地铁2号线华夏东路,526.0
地铁2号线华夏东路,地铁2号线创新中路,429.0
地铁2号线创新中路,地铁2号线唐镇,480.0
地铁2号线唐镇,地铁2号线广兰路,1039.0
地铁2号线广兰路,地铁2号线金科路,5810.0
地铁2号线金科路,地铁2号线张江高科,11667.0
地铁2号线张江高科,地铁2号线龙阳路,17540.0
地铁2号线龙阳路,地铁2号线世纪公园,9250.0
地铁2号线世纪公园,地铁2号线上海科技馆,8763.0
地铁2号线上海科技馆,地铁2号线世纪大道,9180.0
地铁2号线世纪大道,地铁2号线东昌路,8848.0
地铁2号线东昌路,地铁2号线陆家嘴,12213.0
地铁2号线陆家嘴,地铁2号线南京东路,23925.0
地铁2号线南京东路,地铁2号线人民广场,26836.0
地铁2号线人民广场,地铁2号线南京西路,21872.0
地铁2号线南京西路,地铁2号线静安寺,21239.0
地铁2号线静安寺,地铁2号线江苏路,19009.0
地铁2号线江苏路,地铁2号线中山公园,16223.0
地铁2号线中山公园,地铁2号线娄山关路,15551.0
地铁2号线娄山关路,地铁2号线威宁路,14988.0
地铁2号线威宁路,地铁2号线北新泾,13946.0
地铁2号线北新泾,地铁2号线淞虹路,11797.0
地铁2号线淞虹路,地铁2号线虹桥2号航站楼,10906.0
地铁2号线虹桥2号航站楼,地铁2号线虹桥火车站,10220.0
地铁2号线虹桥火车站,地铁2号线徐泾东,2732.0
地铁2号线徐泾东,地铁2号线蟠祥路,0.0
地铁2号线蟠祥路,地铁2号线徐泾东,0.0
地铁3号线江杨北路,地铁3号线铁力路,121.0
地铁3号线铁力路,地铁3号线友谊路,485.0
地铁3号线友谊路,地铁3号线宝杨路,957.0
地铁3号线宝杨路,地铁3号线水产路,1180.0
地铁3号线水产路,地铁3号线淞滨路,1317.0
地铁3号线淞滨路,地铁3号线张华浜,1441.0
地铁3号线张华浜,地铁3号线淞发路,1485.0
地铁3号线淞发路,地铁3号线长江南路,1832.0
地铁3号线长江南路,地铁3号线殷高西路,2093.0
地铁3号线殷高西路,地铁3号线江湾镇,1942.0
地铁3号线江湾镇,地铁3号线大柏树,1825.0
地铁3号线大柏树,地铁3号线赤峰路,2555.0
地铁3号线赤峰路,地铁3号线虹口足球场,2540.0
地铁3号线虹口足球场,地铁3号线东宝兴路,3335.0
地铁3号线东宝兴路,地铁3号线宝山路,3620.0
地铁3号线宝山路,地铁3号线上海火车站,5530.0
地铁3号线上海火车站,地铁3号线中潭路,7106.0
地铁3号线中潭路,地铁3号线镇坪路,6767.0
地铁3号线镇坪路,地铁3号线曹杨路,6222.0
地铁3号线曹杨路,地铁3号线金沙江路,3813.0
地铁3号线金沙江路,地铁3号线中山公园,2670.0
地铁3号线中山公园,地铁3号线延安西路,4444.0
地铁3号线延安西路,地铁3号线虹桥路,4834.0
地铁3号线虹桥路,地铁3号线宜山路,5352.0
地铁3号线宜山路,地铁3号线漕溪路,5129.0
地铁3号线漕溪路,地铁3号线龙漕路,5020.0
地铁3号线龙漕路,地铁3号线石龙路,4853.0
地铁3号线石龙路,地铁3号线上海南站,4280.0
地铁3号线上海南站,地铁3号线石龙路,719.0
地铁3号线石龙路,地铁3号线龙漕路,888.0
地铁3号线龙漕路,地铁3号线漕溪路,1718.0
地铁3号线漕溪路,地铁3号线宜山路,2158.0
地铁3号线宜山路,地铁3号线虹桥路,4473.0
地铁3号线虹桥路,地铁3号线延安西路,6283.0
地铁3号线延安西路,地铁3号线中山公园,7958.0
地铁3号线中山公园,地铁3号线金沙江路,11800.0
地铁3号线金沙江路,地铁3号线曹杨路,10827.0
地铁3号线曹杨路,地铁3号线镇坪路,10027.0
地铁3号线镇坪路,地铁3号线中潭路,8337.0
地铁3号线中潭路,地铁3号线上海火车站,7530.0
地铁3号线上海火车站,地铁3号线宝山路,9315.0
地铁3号线宝山路,地铁3号线东宝兴路,10926.0
地铁3号线东宝兴路,地铁3号线虹口足球场,11764.0
地铁3号线虹口足球场,地铁3号线赤峰路,13650.0
地铁3号线赤峰路,地铁3号线大柏树,13299.0
地铁3号线大柏树,地铁3号线江湾镇,12493.0
地铁3号线江湾镇,地铁3号线殷高西路,9978.0
地铁3号线殷高西路,地铁3号线长江南路,7780.0
地铁3号线长江南路,地铁3号线淞发路,6896.0
地铁3号线淞发路,地铁3号线张华浜,6573.0
地铁3号线张华浜,地铁3号线淞滨路,6580.0
地铁3号线淞滨路,地铁3号线水产路,5603.0
地铁3号线水产路,地铁3号线宝杨路,4574.0
地铁3号线宝杨路,地铁3号线友谊路,3848.0
地铁3号线友谊路,地铁3号线铁力路,2690.0
地铁3号线铁力路,地铁3号线江杨北路,2220.0
地铁4号线宜山路,地铁4号线虹桥路,5325.0
地铁4号线虹桥路,地铁4号线延安西路,6170.0
地铁4号线延安西路,地铁4号线中山公园,6172.0
地铁4号线中山公园,地铁4号线金沙江路,8169.0
地铁4号线金沙江路,地铁4号线曹杨路,9141.0
地铁4号线曹杨路,地铁4号线镇坪路,4947.0
地铁4号线镇坪路,地铁4号线中潭路,3400.0
地铁4号线中潭路,地铁4号线上海火车站,3202.0
地铁4号线上海火车站,地铁4号线宝山路,2301.0
地铁4号线宝山路,地铁4号线海伦路,2182.0
地铁4号线海伦路,地铁4号线临平路,2978.0
地铁4号线临平路,地铁4号线大连路,2788.0
地铁4号线大连路,地铁4号线杨树浦路,5235.0
地铁4号线杨树浦路,地铁4号线浦东大道,7133.0
地铁4号线浦东大道,地铁4号线世纪大道,8427.0
地铁4号线世纪大道,地铁4号线浦电路,8542.0
地铁4号线浦电路,地铁4号线蓝村路,7088.0
地铁4号线蓝村路,地铁4号线塘桥,5985.0
地铁4号线塘桥,地铁4号线南浦大桥,5994.0
地铁4号线南浦大桥,地铁4号线西藏南路,6109.0
地铁4号线西藏南路,地铁4号线鲁班路,5596.0
地铁4号线鲁班路,地铁4号线大木桥路,6070.0
地铁4号线大木桥路,地铁4号线东安路,5462.0
地铁4号线东安路,地铁4号线上海体育场,6894.0
地铁4号线上海体育场,地铁4号线上海体育馆,7209.0
地铁4号线宜山路,地铁4号线上海体育馆,4566.0
地铁4号线上海体育馆,地铁4号线上海体育场,3259.0
地铁4号线上海体育场,地铁4号线东安路,3485.0
地铁4号线东安路,地铁4号线大木桥路,3988.0
地铁4号线大木桥路,地铁4号线鲁班路,3575.0
地铁4号线鲁班路,地铁4号线西藏南路,3574.0
地铁4号线西藏南路,地铁4号线南浦大桥,2720.0
地铁4号线南浦大桥,地铁4号线塘桥,2713.0
地铁4号线塘桥,地铁4号线蓝村路,3315.0
地铁4号线蓝村路,地铁4号线浦电路,4410.0
地铁4号线浦电路,地铁4号线世纪大道,10456.0
地铁4号线世纪大道,地铁4号线浦东大道,9674.0
地铁4号线浦东大道,地铁4号线杨树浦路,10251.0
地铁4号线杨树浦路,地铁4号线大连路,11025.0
地铁4号线大连路,地铁4号线临平路,12741.0
地铁4号线临平路,地铁4号线海伦路,12442.0
地铁4号线海伦路,地铁4号线宝山路,13173.0
地铁4号线宝山路,地铁4号线上海火车站,10346.0
地铁4号线上海火车站,地铁4号线中潭路,7844.0
地铁4号线中潭路,地铁4号线镇坪路,6414.0
地铁4号线镇坪路,地铁4号线曹杨路,3985.0
地铁4号线曹杨路,地铁4号线金沙江路,3439.0
地铁4号线金沙江路,地铁4号线中山公园,1334.0
地铁4号线中山公园,地铁4号线延安西路,3085.0
地铁4号线延安西路,地铁4号线虹桥路,3540.0
地铁5号线莘庄,地铁5号线春申路,8913.0
地铁5号线春申路,地铁5号线银都路,8702.0
地铁5号线银都路,地铁5号线颛桥,8823.0
地铁5号线颛桥,地铁5号线北桥,8634.0
地铁5号线北桥,地铁5号线剑川路,7799.0
地铁5号线剑川路,地铁5号线东川路,7509.0
地铁5号线东川路,地铁5号线江川路,5632.0
地铁5号线江川路,地铁5号线西渡,5156.0
地铁5号线西渡,地铁5号线萧塘,2687.0
地铁5号线萧塘,地铁5号线奉浦大道,2085.0
地铁5号线奉浦大道,地铁5号线环城东路,1709.0
地铁5号线环城东路,地铁5号线望园路,784.0
地铁5号线望园路,地铁5号线金海湖,681.0
地铁5号线金海湖,地铁5号线奉贤新城,501.0
地铁5号线奉贤新城,地铁5号线金海湖,307.0
地铁5号线金海湖,地铁5号线望园路,350.0
地铁5号线望园路,地铁5号线环城东路,369.0
地铁5号线环城东路,地铁5号线奉浦大道,468.0
地铁5号线奉浦大道,地铁5号线萧塘,853.0
地铁5号线萧塘,地铁5号线西渡,1099.0
地铁5号线西渡,地铁5号线江川路,1016.0
地铁5号线江川路,地铁5号线东川路,985.0
地铁5号线东川路,地铁5号线剑川路,1851.0
地铁5号线剑川路,地铁5号线北桥,2090.0
地铁5号线北桥,地铁5号线颛桥,2227.0
地铁5号线颛桥,地铁5号线银都路,2426.0
地铁5号线银都路,地铁5号线春申路,2497.0
地铁5号线春申路,地铁5号线莘庄,2158.0
地铁5号线东川路,地铁5号线金平路,1418.0
地铁5号线金平路,地铁5号线华宁路,793.0
地铁5号线华宁路,地铁5号线文井路,359.0
地铁5号线文井路,地铁5号线闵行开发区,320.0
地铁5号线闵行开发区,地铁5号线文井路,362.0
地铁5号线文井路,地铁5号线华宁路,1027.0
地铁5号线华宁路,地铁5号线金平路,1092.0
地铁5号线金平路,地铁5号线东川路,1080.0
地铁6号线港城路,地铁6号线外高桥保税区北,175.0
地铁6号线外高桥保税区北,地铁6号线航津路,436.0
地铁6号线航津路,地铁6号线外高桥保税区南,957.0
地铁6号线外高桥保税区南,地铁6号线洲海路,2218.0
地铁6号线洲海路,地铁6号线五洲大道,2386.0
地铁6号线五洲大道,地铁6号线东靖路,2224.0
地铁6号线东靖路,地铁6号线巨峰路,2032.0
地铁6号线巨峰路,地铁6号线五莲路,2162.0
地铁6号线五莲路,地铁6号线博兴路,1942.0
地铁6号线博兴路,地铁6号线金桥路,1664.0
地铁6号线金桥路,地铁6号线云山路,1716.0
地铁6号线云山路,地铁6号线德平路,1522.0
地铁6号线德平路,地铁6号线北洋泾路,1360.0
地铁6号线北洋泾路,地铁6号线民生路,2669.0
地铁6号线民生路,地铁6号线源深体育中心,2442.0
地铁6号线源深体育中心,地铁6号线世纪大道,3294.0
地铁6号线世纪大道,地铁6号线浦电路,7769.0
地铁6号线浦电路,地铁6号线蓝村路,10665.0
地铁6号线蓝村路,地铁6号线上海儿童医学中心,11524.0
地铁6号线上海儿童医学中心,地铁6号线临沂新村,11172.0
地铁6号线临沂新村,地铁6号线高科西路,10738.0
地铁6号线高科西路,地铁6号线东明路,10333.0
地铁6号线东明路,地铁6号线高青路,7256.0
地铁6号线高青路,地铁6号线华夏西路,4366.0
地铁6号线华夏西路,地铁6号线上南路,3331.0
地铁6号线上南路,地铁6号线灵岩南路,2271.0
地铁6号线灵岩南路,地铁6号线东方体育中心,1273.0
地铁6号线东方体育中心,地铁6号线灵岩南路,3637.0
地铁6号线灵岩南路,地铁6号线上南路,3030.0
地铁6号线上南路,地铁6号线华夏西路,2820.0
地铁6号线华夏西路,地铁6号线高青路,2833.0
地铁6号线高青路,地铁6号线东明路,2691.0
地铁6号线东明路,地铁6号线高科西路,2399.0
地铁6号线高科西路,地铁6号线临沂新村,2451.0
地铁6号线临沂新村,地铁6号线上海儿童医学中心,2731.0
地铁6号线上海儿童医学中心,地铁6号线蓝村路,2862.0
地铁6号线蓝村路,地铁6号线浦电路,3790.0
地铁6号线浦电路,地铁6号线世纪大道,10732.0
地铁6号线世纪大道,地铁6号线源深体育中心,14573.0
地铁6号线源深体育中心,地铁6号线民生路,15131.0
地铁6号线民生路,地铁6号线北洋泾路,13807.0
地铁6号线北洋泾路,地铁6号线德平路,13418.0
地铁6号线德平路,地铁6号线云山路,12080.0
地铁6号线云山路,地铁6号线金桥路,12142.0
地铁6号线金桥路,地铁6号线博兴路,11596.0
地铁6号线博兴路,地铁6号线五莲路,9433.0
地铁6号线五莲路,地铁6号线巨峰路,8073.0
地铁6号线巨峰路,地铁6号线东靖路,6575.0
地铁6号线东靖路,地铁6号线五洲大道,4460.0
地铁6号线五洲大道,地铁6号线洲海路,3226.0
地铁6号线洲海路,地铁6号线外高桥保税区南,2325.0
地铁6号线外高桥保税区南,地铁6号线航津路,2677.0
地铁6号线航津路,地铁6号线外高桥保税区北,1999.0
地铁6号线外高桥保税区北,地铁6号线港城路,1202.0
地铁7号线花木路,地铁7号线龙阳路,1053.0
地铁7号线龙阳路,地铁7号线芳华路,5306.0
地铁7号线芳华路,地铁7号线锦绣路,4730.0
地铁7号线锦绣路,地铁7号线杨高南路,3699.0
地铁7号线杨高南路,地铁7号线高科西路,3059.0
地铁7号线高科西路,地铁7号线云台路,3707.0
地铁7号线云台路,地铁7号线耀华路,3535.0
地铁7号线耀华路,地铁7号线长清路,2861.0
地铁7号线长清路,地铁7号线后滩,2182.0
地铁7号线后滩,地铁7号线龙华中路,2301.0
地铁7号线龙华中路,地铁7号线东安路,6145.0
地铁7号线东安路,地铁7号线肇嘉浜路,6091.0
地铁7号线肇嘉浜路,地铁7号线常熟路,8653.0
地铁7号线常熟路,地铁7号线静安寺,11332.0
地铁7号线静安寺,地铁7号线昌平路,16925.0
地铁7号线昌平路,地铁7号线长寿路,17908.0
地铁7号线长寿路,地铁7号线镇坪路,21609.0
地铁7号线镇坪路,地铁7号线岚皋路,26217.0
地铁7号线岚皋路,地铁7号线新村路,25699.0
地铁7号线新村路,地铁7号线大华三路,23653.0
地铁7号线大华三路,地铁7号线行知路,20546.0
地铁7号线行知路,地铁7号线大场镇,18499.0
地铁7号线大场镇,地铁7号线场中路,18039.0
地铁7号线场中路,地铁7号线上大路,16755.0
地铁7号线上大路,地铁7号线南陈路,16640.0
地铁7号线南陈路,地铁7号线上海大学,15391.0
地铁7号线上海大学,地铁7号线祁华路,14332.0
地铁7号线祁华路,地铁7号线顾村公园,11908.0
地铁7号线顾村公园,地铁7号线刘行,10243.0
地铁7号线刘行,地铁7号线潘广路,7451.0
地铁7号线潘广路,地铁7号线罗南新村,7164.0
地铁7号线罗南新村,地铁7号线美兰湖,4084.0
地铁7号线美兰湖,地铁7号线罗南新村,403.0
地铁7号线罗南新村,地铁7号线潘广路,562.0
地铁7号线潘广路,地铁7号线刘行,555.0
地铁7号线刘行,地铁7号线顾村公园,569.0
地铁7号线顾村公园,地铁7号线祁华路,757.0
地铁7号线祁华路,地铁7号线上海大学,727.0
地铁7号线上海大学,地铁7号线南陈路,725.0
地铁7号线南陈路,地铁7号线上大路,760.0
地铁7号线上大路,地铁7号线场中路,883.0
地铁7号线场中路,地铁7号线大场镇,785.0
地铁7号线大场镇,地铁7号线行知路,896.0
地铁7号线行知路,地铁7号线大华三路,917.0
地铁7号线大华三路,地铁7号线新村路,867.0
地铁7号线新村路,地铁7号线岚皋路,962.0
地铁7号线岚皋路,地铁7号线镇坪路,1044.0
地铁7号线镇坪路,地铁7号线长寿路,1180.0
地铁7号线长寿路,地铁7号线昌平路,1656.0
地铁7号线昌平路,地铁7号线静安寺,2587.0
地铁7号线静安寺,地铁7号线常熟路,5814.0
地铁7号线常熟路,地铁7号线肇嘉浜路,6202.0
地铁7号线肇嘉浜路,地铁7号线东安路,8372.0
地铁7号线东安路,地铁7号线龙华中路,8281.0
地铁7号线龙华中路,地铁7号线后滩,9409.0
地铁7号线后滩,地铁7号线长清路,9531.0
地铁7号线长清路,地铁7号线耀华路,7915.0
地铁7号线耀华路,地铁7号线云台路,6779.0
地铁7号线云台路,地铁7号线高科西路,6079.0
地铁7号线高科西路,地铁7号线杨高南路,5514.0
地铁7号线杨高南路,地铁7号线锦绣路,3850.0
地铁7号线锦绣路,地铁7号线芳华路,2601.0
地铁7号线芳华路,地铁7号线龙阳路,1697.0
地铁7号线龙阳路,地铁7号线花木路,119.0
地铁8号线市光路,地铁8号线嫩江路,429.0
地铁8号线嫩江路,地铁8号线翔殷路,602.0
地铁8号线翔殷路,地铁8号线黄兴公园,811.0
地铁8号线黄兴公园,地铁8号线延吉中路,948.0
地铁8号线延吉中路,地铁8号线黄兴路,1065.0
地铁8号线黄兴路,地铁8号线江浦路,1209.0
地铁8号线江浦路,地铁8号线鞍山新村,1943.0
地铁8号线鞍山新村,地铁8号线四平路,1864.0
地铁8号线四平路,地铁8号线曲阳路,2656.0
地铁8号线曲阳路,地铁8号线虹口足球场,2364.0
地铁8号线虹口足球场,地铁8号线西藏北路,2973.0
地铁8号线西藏北路,地铁8号线中兴路,2878.0
地铁8号线中兴路,地铁8号线曲阜路,3108.0
地铁8号线曲阜路,地铁8号线人民广场,4879.0
地铁8号线人民广场,地铁8号线大世界,10137.0
地铁8号线大世界,地铁8号线老西门,12505.0
地铁8号线老西门,地铁8号线陆家浜路,14629.0
地铁8号线陆家浜路,地铁8号线西藏南路,15449.0
地铁8号线西藏南路,地铁8号线中华艺术宫,16143.0
地铁8号线中华艺术宫,地铁8号线耀华路,16551.0
地铁8号线耀华路,地铁8号线成山路,17779.0
地铁8号线成山路,地铁8号线杨思,18053.0
地铁8号线杨思,地铁8号线东方体育中心,15339.0
地铁8号线东方体育中心,地铁8号线凌兆新村,18577.0
地铁8号线凌兆新村,地铁8号线芦恒路,18065.0
地铁8号线芦恒路,地铁8号线浦江镇,12280.0
地铁8号线浦江镇,地铁8号线江月路,11122.0
地铁8号线江月路,地铁8号线联航路,9188.0
地铁8号线联航路,地铁8号线沈杜公路,5699.0
地铁8号线沈杜公路,地铁8号线联航路,497.0
地铁8号线联航路,地铁8号线江月路,1265.0
地铁8号线江月路,地铁8号线浦江镇,2042.0
地铁8号线浦江镇,地铁8号线芦恒路,2727.0
地铁8号线芦恒路,地铁8号线凌兆新村,2548.0
地铁8号线凌兆新村,地铁8号线东方体育中心,2381.0
地铁8号线东方体育中心,地铁8号线杨思,4359.0
地铁8号线杨思,地铁8号线成山路,3984.0
地铁8号线成山路,地铁8号线耀华路,3767.0
地铁8号线耀华路,地铁8号线中华艺术宫,3038.0
地铁8号线中华艺术宫,地铁8号线西藏南路,3692.0
地铁8号线西藏南路,地铁8号线陆家浜路,5237.0
地铁8号线陆家浜路,地铁8号线老西门,7040.0
地铁8号线老西门,地铁8号线大世界,8662.0
地铁8号线大世界,地铁8号线人民广场,11183.0
地铁8号线人民广场,地铁8号线曲阜路,15596.0
地铁8号线曲阜路,地铁8号线中兴路,16363.0
地铁8号线中兴路,地铁8号线西藏北路,15387.0
地铁8号线西藏北路,地铁8号线虹口足球场,13707.0
地铁8号线虹口足球场,地铁8号线曲阳路,11913.0
地铁8号线曲阳路,地铁8号线四平路,9973.0
地铁8号线四平路,地铁8号线鞍山新村,11229.0
地铁8号线鞍山新村,地铁8号线江浦路,10384.0
地铁8号线江浦路,地铁8号线黄兴路,11559.0
地铁8号线黄兴路,地铁8号线延吉中路,9873.0
地铁8号线延吉中路,地铁8号线黄兴公园,7011.0
地铁8号线黄兴公园,地铁8号线翔殷路,6272.0
地铁8号线翔殷路,地铁8号线嫩江路,5421.0
地铁8号线嫩江路,地铁8号线市光路,3991.0
地铁9号线曹路,地铁9号线民雷路,110.0
地铁9号线民雷路,地铁9号线顾唐路,537.0
地铁9号线顾唐路,地铁9号线金海路,1155.0
地铁9号线金海路,地铁9号线金吉路,1245.0
地铁9号线金吉路,地铁9号线金桥,4546.0
地铁9号线金桥,地铁9号线台儿庄路,6918.0
地铁9号线台儿庄路,地铁9号线蓝天路,7028.0
地铁9号线蓝天路,地铁9号线芳甸路,6256.0
地铁9号线芳甸路,地铁9号线杨高中路,6065.0
地铁9号线杨高中路,地铁9号线世纪大道,7050.0
地铁9号线世纪大道,地铁9号线商城路,7175.0
地铁9号线商城路,地铁9号线小南门,11280.0
地铁9号线小南门,地铁9号线陆家浜路,13559.0
地铁9号线陆家浜路,地铁9号线马当路,13100.0
地铁9号线马当路,地铁9号线打浦桥,12636.0
地铁9号线打浦桥,地铁9号线嘉善路,15436.0
地铁9号线嘉善路,地铁9号线肇嘉浜路,16239.0
地铁9号线肇嘉浜路,地铁9号线徐家汇,17815.0
地铁9号线徐家汇,地铁9号线宜山路,20382.0
地铁9号线宜山路,地铁9号线桂林路,27704.0
地铁9号线桂林路,地铁9号线漕河泾开发区,29718.0
地铁9号线漕河泾开发区,地铁9号线合川路,38739.0
地铁9号线合川路,地铁9号线星中路,40760.0
地铁9号线星中路,地铁9号线七宝,40434.0
地铁9号线七宝,地铁9号线中春路,40139.0
地铁9号线中春路,地铁9号线九亭,40452.0
地铁9号线九亭,地铁9号线泗泾,32543.0
地铁9号线泗泾,地铁9号线佘山,20291.0
地铁9号线佘山,地铁9号线洞泾,11236.0
地铁9号线洞泾,地铁9号线松江大学城,9457.0
地铁9号线松江大学城,地铁9号线松江新城,5981.0
地铁9号线松江新城,地铁9号线松江体育中心,4265.0
地铁9号线松江体育中心,地铁9号线醉白池,1625.0
地铁9号线醉白池,地铁9号线松江南站,587.0
地铁9号线松江南站,地铁9号线醉白池,422.0
地铁9号线醉白池,地铁9号线松江体育中心,598.0
地铁9号线松江体育中心,地铁9号线松江新城,1084.0
地铁9号线松江新城,地铁9号线松江大学城,1319.0
地铁9号线松江大学城,地铁9号线洞泾,1866.0
地铁9号线洞泾,地铁9号线佘山,1817.0
地铁9号线佘山,地铁9号线泗泾,1624.0
地铁9号线泗泾,地铁9号线九亭,1579.0
地铁9号线九亭,地铁9号线中春路,1962.0
地铁9号线中春路,地铁9号线七宝,2159.0
地铁9号线七宝,地铁9号线星中路,2243.0
地铁9号线星中路,地铁9号线合川路,2100.0
地铁9号线合川路,地铁9号线漕河泾开发区,3857.0
地铁9号线漕河泾开发区,地铁9号线桂林路,11766.0
地铁9号线桂林路,地铁9号线宜山路,14000.0
地铁9号线宜山路,地铁9号线徐家汇,11409.0
地铁9号线徐家汇,地铁9号线肇嘉浜路,9000.0
地铁9号线肇嘉浜路,地铁9号线嘉善路,8215.0
地铁9号线嘉善路,地铁9号线打浦桥,7464.0
地铁9号线打浦桥,地铁9号线马当路,8939.0
地铁9号线马当路,地铁9号线陆家浜路,8310.0
地铁9号线陆家浜路,地铁9号线小南门,7152.0
地铁9号线小南门,地铁9号线商城路,8841.0
地铁9号线商城路,地铁9号线世纪大道,13498.0
地铁9号线世纪大道,地铁9号线杨高中路,15457.0
地铁9号线杨高中路,地铁9号线芳甸路,15265.0
地铁9号线芳甸路,地铁9号线蓝天路,14585.0
地铁9号线蓝天路,地铁9号线台儿庄路,13628.0
地铁9号线台儿庄路,地铁9号线金桥,11995.0
地铁9号线金桥,地铁9号线金吉路,11299.0
地铁9号线金吉路,地铁9号线金海路,14015.0
地铁9号线金海路,地铁9号线顾唐路,14279.0
地铁9号线顾唐路,地铁9号线民雷路,12839.0
地铁9号线民雷路,地铁9号线曹路,10032.0
地铁10号线虹桥火车站,地铁10号线虹桥2号航站楼,1583.0
地铁10号线虹桥2号航站楼,地铁10号线虹桥1号航站楼,2472.0
地铁10号线虹桥1号航站楼,地铁10号线上海动物园,2660.0
地铁10号线上海动物园,地铁10号线龙溪路,2565.0
地铁10号线龙溪路,地铁10号线水城路,3815.0
地铁10号线水城路,地铁10号线伊犁路,3736.0
地铁10号线伊犁路,地铁10号线宋园路,6260.0
地铁10号线宋园路,地铁10号线虹桥路,6863.0
地铁10号线虹桥路,地铁10号线交通大学,5749.0
地铁10号线交通大学,地铁10号线上海图书馆,5076.0
地铁10号线上海图书馆,地铁10号线陕西南路,5392.0
地铁10号线陕西南路,地铁10号线一大会址·新天地,5075.0
地铁10号线一大会址·新天地,地铁10号线老西门,5566.0
地铁10号线老西门,地铁10号线豫园,4319.0
地铁10号线豫园,地铁10号线南京东路,6447.0
地铁10号线南京东路,地铁10号线天潼路,9911.0
地铁10号线天潼路,地铁10号线四川北路,10247.0
地铁10号线四川北路,地铁10号线海伦路,11579.0
地铁10号线海伦路,地铁10号线邮电新村,11394.0
地铁10号线邮电新村,地铁10号线四平路,10302.0
地铁10号线四平路,地铁10号线同济大学,8057.0
地铁10号线同济大学,地铁10号线国权路,7540.0
地铁10号线国权路,地铁10号线五角场,5709.0
地铁10号线五角场,地铁10号线江湾体育场,5335.0
地铁10号线江湾体育场,地铁10号线三门路,4041.0
地铁10号线三门路,地铁10号线殷高东路,3757.0
地铁10号线殷高东路,地铁10号线新江湾城,3212.0
地铁10号线新江湾城,地铁10号线国帆路,1693.0
地铁10号线国帆路,地铁10号线双江路,1443.0
地铁10号线双江路,地铁10号线高桥西,723.0
地铁10号线高桥西,地铁10号线高桥,720.0
地铁10号线高桥,地铁10号线港城路,500.0
地铁10号线港城路,地铁10号线基隆路,72.0
地铁10号线基隆路,地铁10号线港城路,223.0
地铁10号线港城路,地铁10号线高桥,345.0
地铁10号线高桥,地铁10号线高桥西,304.0
地铁10号线高桥西,地铁10号线双江路,307.0
地铁10号线双江路,地铁10号线国帆路,281.0
地铁10号线国帆路,地铁10号线新江湾城,423.0
地铁10号线新江湾城,地铁10号线殷高东路,625.0
地铁10号线殷高东路,地铁10号线三门路,667.0
地铁10号线三门路,地铁10号线江湾体育场,1303.0
地铁10号线江湾体育场,地铁10号线五角场,2429.0
地铁10号线五角场,地铁10号线国权路,3068.0
地铁10号线国权路,地铁10号线同济大学,2798.0
地铁10号线同济大学,地铁10号线四平路,3186.0
地铁10号线四平路,地铁10号线邮电新村,2756.0
地铁10号线邮电新村,地铁10号线海伦路,2642.0
地铁10号线海伦路,地铁10号线四川北路,2490.0
地铁10号线四川北路,地铁10号线天潼路,5060.0
地铁10号线天潼路,地铁10号线南京东路,6512.0
地铁10号线南京东路,地铁10号线豫园,7395.0
地铁10号线豫园,地铁10号线老西门,8523.0
地铁10号线老西门,地铁10号线一大会址·新天地,7447.0
地铁10号线一大会址·新天地,地铁10号线陕西南路,7376.0
地铁10号线陕西南路,地铁10号线上海图书馆,8017.0
地铁10号线上海图书馆,地铁10号线交通大学,8469.0
地铁10号线交通大学,地铁10号线虹桥路,8406.0
地铁10号线虹桥路,地铁10号线宋园路,8423.0
地铁10号线宋园路,地铁10号线伊犁路,8409.0
地铁10号线伊犁路,地铁10号线水城路,9462.0
地铁10号线水城路,地铁10号线龙溪路,9014.0
地铁10号线龙溪路,地铁10号线上海动物园,6184.0
地铁10号线上海动物园,地铁10号线虹桥1号航站楼,5846.0
地铁10号线虹桥1号航站楼,地铁10号线虹桥2号航站楼,6208.0
地铁10号线虹桥2号航站楼,地铁10号线虹桥火车站,7710.0
地铁10号线龙溪路,地铁10号线龙柏新村,3372.0
地铁10号线龙柏新村,地铁10号线紫藤路,2028.0
地铁10号线紫藤路,地铁10号线航中路,1872.0
地铁10号线航中路,地铁10号线紫藤路,426.0
地铁10号线紫藤路,地铁10号线龙柏新村,811.0
地铁10号线龙柏新村,地铁10号线龙溪路,1936.0
地铁11号线嘉定北,地铁11号线嘉定西,1370.0
地铁11号线嘉定西,地铁11号线白银路,1714.0
地铁11号线白银路,地铁11号线嘉定新城,1811.0
地铁11号线嘉定新城,地铁11号线马陆,2647.0
地铁11号线马陆,地铁11号线陈翔公路,2477.0
地铁11号线陈翔公路,地铁11号线南翔,2230.0
地铁11号线南翔,地铁11号线桃浦新村,2046.0
地铁11号线桃浦新村,地铁11号线武威路,1806.0
地铁11号线武威路,地铁11号线祁连山路,1829.0
地铁11号线祁连山路,地铁11号线李子园,1878.0
地铁11号线李子园,地铁11号线上海西站,1741.0
地铁11号线上海西站,地铁11号线真如,1523.0
地铁11号线真如,地铁11号线枫桥路,1425.0
地铁11号线枫桥路,地铁11号线曹杨路,1479.0
地铁11号线曹杨路,地铁11号线隆德路,2039.0
地铁11号线隆德路,地铁11号线江苏路,2184.0
地铁11号线江苏路,地铁11号线交通大学,4441.0
地铁11号线交通大学,地铁11号线徐家汇,5842.0
地铁11号线徐家汇,地铁11号线上海游泳馆,7762.0
地铁11号线上海游泳馆,地铁11号线龙华,7967.0
地铁11号线龙华,地铁11号线云锦路,10913.0
地铁11号线云锦路,地铁11号线龙耀路,11338.0
地铁11号线龙耀路,地铁11号线东方体育中心,11365.0
地铁11号线东方体育中心,地铁11号线三林,9140.0
地铁11号线三林,地铁11号线三林东,6633.0
地铁11号线三林东,地铁11号线浦三路,4705.0
地铁11号线浦三路,地铁11号线御桥,3540.0
地铁11号线御桥,地铁11号线罗山路,3350.0
地铁11号线罗山路,地铁11号线秀沿路,2916.0
地铁11号线秀沿路,地铁11号线康新公路,248.0
地铁11号线康新公路,地铁11号线迪士尼,27.0
地铁11号线迪士尼,地铁11号线康新公路,38.0
地铁11号线康新公路,地铁11号线秀沿路,785.0
地铁11号线秀沿路,地铁11号线罗山路,948.0
地铁11号线罗山路,地铁11号线御桥,1462.0
地铁11号线御桥,地铁11号线浦三路,1816.0
地铁11号线浦三路,地铁11号线三林东,1612.0
地铁11号线三林东,地铁11号线三林,1412.0
地铁11号线三林,地铁11号线东方体育中心,1132.0
地铁11号线东方体育中心,地铁11号线龙耀路,4004.0
地铁11号线龙耀路,地铁11号线云锦路,3916.0
地铁11号线云锦路,地铁11号线龙华,4695.0
地铁11号线龙华,地铁11号线上海游泳馆,3873.0
地铁11号线上海游泳馆,地铁11号线徐家汇,4114.0
地铁11号线徐家汇,地铁11号线交通大学,7045.0
地铁11号线交通大学,地铁11号线江苏路,8036.0
地铁11号线江苏路,地铁11号线隆德路,12641.0
地铁11号线隆德路,地铁11号线曹杨路,13487.0
地铁11号线曹杨路,地铁11号线枫桥路,25372.0
地铁11号线枫桥路,地铁11号线真如,25469.0
地铁11号线真如,地铁11号线上海西站,27965.0
地铁11号线上海西站,地铁11号线李子园,24932.0
地铁11号线李子园,地铁11号线祁连山路,25210.0
地铁11号线祁连山路,地铁11号线武威路,25883.0
地铁11号线武威路,地铁11号线桃浦新村,25904.0
地铁11号线桃浦新村,地铁11号线南翔,21991.0
地铁11号线南翔,地铁11号线陈翔公路,18776.0
地铁11号线陈翔公路,地铁11号线马陆,17277.0
地铁11号线马陆,地铁11号线嘉定新城,14284.0
地铁11号线嘉定新城,地铁11号线白银路,7191.0
地铁11号线白银路,地铁11号线嘉定西,5827.0
地铁11号线嘉定西,地铁11号线嘉定北,3263.0
地铁11号线嘉定新城,地铁11号线上海赛车场,6246.0
地铁11号线上海赛车场,地铁11号线昌吉东路,6235.0
地铁11号线昌吉东路,地铁11号线上海汽车城,5525.0
地铁11号线上海汽车城,地铁11号线安亭,5549.0
地铁11号线安亭,地铁11号线兆丰路,4947.0
地铁11号线兆丰路,地铁11号线光明路,3308.0
地铁11号线光明路,地铁11号线花桥,2633.0
地铁11号线花桥,地铁11号线光明路,186.0
地铁11号线光明路,地铁11号线兆丰路,512.0
地铁11号线兆丰路,地铁11号线安亭,562.0
地铁11号线安亭,地铁11号线上海汽车城,968.0
地铁11号线上海汽车城,地铁11号线昌吉东路,1735.0
地铁11号线昌吉东路,地铁11号线上海赛车场,1850.0
地铁11号线上海赛车场,地铁11号线嘉定新城,1922.0
地铁12号线七莘路,地铁12号线虹莘路,1507.0
地铁12号线虹莘路,地铁12号线顾戴路,1460.0
地铁12号线顾戴路,地铁12号线东兰路,1414.0
地铁12号线东兰路,地铁12号线虹梅路,1342.0
地铁12号线虹梅路,地铁12号线虹漕路,4298.0
地铁12号线虹漕路,地铁12号线桂林公园,6965.0
地铁12号线桂林公园,地铁12号线漕宝路,6825.0
地铁12号线漕宝路,地铁12号线龙漕路,5625.0
地铁12号线龙漕路,地铁12号线龙华,4787.0
地铁12号线龙华,地铁12号线龙华中路,3393.0
地铁12号线龙华中路,地铁12号线大木桥路,3382.0
地铁12号线大木桥路,地铁12号线嘉善路,3485.0
地铁12号线嘉善路,地铁12号线陕西南路,4332.0
地铁12号线陕西南路,地铁12号线南京西路,5234.0
地铁12号线南京西路,地铁12号线汉中路,9252.0
地铁12号线汉中路,地铁12号线曲阜路,7131.0
地铁12号线曲阜路,地铁12号线天潼路,5611.0
地铁12号线天潼路,地铁12号线国际客运中心,6370.0
地铁12号线国际客运中心,地铁12号线提篮桥,7779.0
地铁12号线提篮桥,地铁12号线大连路,9235.0
地铁12号线大连路,地铁12号线江浦公园,11548.0
地铁12号线江浦公园,地铁12号线宁国路,10469.0
地铁12号线宁国路,地铁12号线隆昌路,9351.0
地铁12号线隆昌路,地铁12号线爱国路,8396.0
地铁12号线爱国路,地铁12号线复兴岛,7519.0
地铁12号线复兴岛,地铁12号线东陆路,7543.0
地铁12号线东陆路,地铁12号线巨峰路,4951.0
地铁12号线巨峰路,地铁12号线杨高北路,3824.0
地铁12号线杨高北路,地铁12号线金京路,2311.0
地铁12号线金京路,地铁12号线申江路,683.0
地铁12号线申江路,地铁12号线金海路,639.0
地铁12号线金海路,地铁12号线申江路,1372.0
地铁12号线申江路,地铁12号线金京路,1913.0
地铁12号线金京路,地铁12号线杨高北路,1742.0
地铁12号线杨高北路,地铁12号线巨峰路,1543.0
地铁12号线巨峰路,地铁12号线东陆路,1609.0
地铁12号线东陆路,地铁12号线复兴岛,1153.0
地铁12号线复兴岛,地铁12号线爱国路,1167.0
地铁12号线爱国路,地铁12号线隆昌路,1131.0
地铁12号线隆昌路,地铁12号线宁国路,1913.0
地铁12号线宁国路,地铁12号线江浦公园,3362.0
地铁12号线江浦公园,地铁12号线大连路,3129.0
地铁12号线大连路,地铁12号线提篮桥,2652.0
地铁12号线提篮桥,地铁12号线国际客运中心,4156.0
地铁12号线国际客运中心,地铁12号线天潼路,5964.0
地铁12号线天潼路,地铁12号线曲阜路,7852.0
地铁12号线曲阜路,地铁12号线汉中路,8242.0
地铁12号线汉中路,地铁12号线南京西路,5567.0
地铁12号线南京西路,地铁12号线陕西南路,7417.0
地铁12号线陕西南路,地铁12号线嘉善路,7000.0
地铁12号线嘉善路,地铁12号线大木桥路,7021.0
地铁12号线大木桥路,地铁12号线龙华中路,7676.0
地铁12号线龙华中路,地铁12号线龙华,9465.0
地铁12号线龙华,地铁12号线龙漕路,8312.0
地铁12号线龙漕路,地铁12号线漕宝路,7155.0
地铁12号线漕宝路,地铁12号线桂林公园,6522.0
地铁12号线桂林公园,地铁12号线虹漕路,5848.0
地铁12号线虹漕路,地铁12号线虹梅路,5920.0
地铁12号线虹梅路,地铁12号线东兰路,5986.0
地铁12号线东兰路,地铁12号线顾戴路,5111.0
地铁12号线顾戴路,地铁12号线虹莘路,3914.0
地铁12号线虹莘路,地铁12号线七莘路,3013.0
地铁13号线金运路,地铁13号线金沙江西路,351.0
地铁13号线金沙江西路,地铁13号线丰庄,1124.0
地铁13号线丰庄,地铁13号线祁连山南路,1078.0
地铁13号线祁连山南路,地铁13号线真北路,1669.0
地铁13号线真北路,地铁13号线大渡河路,4115.0
地铁13号线大渡河路,地铁13号线金沙江路,6571.0
地铁13号线金沙江路,地铁13号线隆德路,3348.0
地铁13号线隆德路,地铁13号线武宁路,2368.0
地铁13号线武宁路,地铁13号线长寿路,2706.0
地铁13号线长寿路,地铁13号线江宁路,2629.0
地铁13号线江宁路,地铁13号线汉中路,3097.0
地铁13号线汉中路,地铁13号线自然博物馆,2681.0
地铁13号线自然博物馆,地铁13号线南京西路,3319.0
地铁13号线南京西路,地铁13号线淮海中路,5062.0
地铁13号线淮海中路,地铁13号线一大会址·新天地,5418.0
地铁13号线一大会址·新天地,地铁13号线马当路,6967.0
地铁13号线马当路,地铁13号线世博会博物馆,7859.0
地铁13号线世博会博物馆,地铁13号线世博大道,8627.0
地铁13号线世博大道,地铁13号线长清路,10005.0
地铁13号线长清路,地铁13号线成山路,10157.0
地铁13号线成山路,地铁13号线东明路,8392.0
地铁13号线东明路,地铁13号线华鹏路,8102.0
地铁13号线华鹏路,地铁13号线下南路,6371.0
地铁13号线下南路,地铁13号线北蔡,4923.0
地铁13号线北蔡,地铁13号线陈春路,3931.0
地铁13号线陈春路,地铁13号线莲溪路,2259.0
地铁13号线莲溪路,地铁13号线华夏中路,2287.0
地铁13号线华夏中路,地铁13号线中科路,1833.0
地铁13号线中科路,地铁13号线学林路,2758.0
地铁13号线学林路,地铁13号线张江路,2969.0
地铁13号线张江路,地铁13号线学林路,461.0
地铁13号线学林路,地铁13号线中科路,1844.0
地铁13号线中科路,地铁13号线华夏中路,5751.0
地铁13号线华夏中路,地铁13号线莲溪路,4924.0
地铁13号线莲溪路,地铁13号线陈春路,3902.0
地铁13号线陈春路,地铁13号线北蔡,2881.0
地铁13号线北蔡,地铁13号线下南路,2534.0
地铁13号线下南路,地铁13号线华鹏路,2202.0
地铁13号线华鹏路,地铁13号线东明路,2039.0
地铁13号线东明路,地铁13号线成山路,3113.0
地铁13号线成山路,地铁13号线长清路,1954.0
地铁13号线长清路,地铁13号线世博大道,964.0
地铁13号线世博大道,地铁13号线世博会博物馆,2473.0
地铁13号线世博会博物馆,地铁13号线马当路,3706.0
地铁13号线马当路,地铁13号线一大会址·新天地,4847.0
地铁13号线一大会址·新天地,地铁13号线淮海中路,4444.0
地铁13号线淮海中路,地铁13号线南京西路,4933.0
地铁13号线南京西路,地铁13号线自然博物馆,8751.0
地铁13号线自然博物馆,地铁13号线汉中路,9620.0
地铁13号线汉中路,地铁13号线江宁路,9633.0
地铁13号线江宁路,地铁13号线长寿路,10554.0
地铁13号线长寿路,地铁13号线武宁路,8850.0
地铁13号线武宁路,地铁13号线隆德路,9547.0
地铁13号线隆德路,地铁13号线金沙江路,9889.0
地铁13号线金沙江路,地铁13号线大渡河路,15453.0
地铁13号线大渡河路,地铁13号线真北路,15843.0
地铁13号线真北路,地铁13号线祁连山南路,16092.0
地铁13号线祁连山南路,地铁13号线丰庄,12987.0
地铁13号线丰庄,地铁13号线金沙江西路,10164.0
地铁13号线金沙江西路,地铁13号线金运路,8795.0
地铁13号线金运路,地铁13号线纪翟路,22.0
地铁13号线纪翟路,地铁13号线芳乐路,22.0
地铁13号线芳乐路,地铁13号线季乐路,22.0
地铁13号线季乐路,地铁13号线运乐路,22.0
地铁13号线运乐路,地铁13号线诸光路,22.0
地铁13号线诸光路,地铁13号线运乐路,8.0
地铁13号线运乐路,地铁13号线季乐路,8.0
地铁13号线季乐路,地铁13号线芳乐路,8.0
地铁13号线芳乐路,地铁13号线纪翟路,8.0
地铁13号线纪翟路,地铁13号线金运路,8.0
地铁14号线封浜,地铁14号线乐秀路,0.0
地铁14号线乐秀路,地铁14号线临洮路,0.0
地铁14号线临洮路,地铁14号线嘉怡路,0.0
地铁14号线嘉怡路,地铁14号线定边路,0.0
地铁14号线定边路,地铁14号线真新新村,0.0
地铁14号线真新新村,地铁14号线真光路,0.0
地铁14号线真光路,地铁14号线铜川路,0.0
地铁14号线铜川路,地铁14号线真如,1046.0
地铁14号线真如,地铁14号线中宁路,185.0
地铁14号线中宁路,地铁14号线曹杨路,185.0
地铁14号线曹杨路,地铁14号线武宁路,215.0
地铁14号线武宁路,地铁14号线武定路,150.0
地铁14号线武定路,地铁14号线静安寺,150.0
地铁14号线静安寺,地铁14号线一大会址·黄陂南路,888.0
地铁14号线一大会址·黄陂南路,地铁14号线大世界,1632.0
地铁14号线大世界,地铁14号线豫园,1415.0
地铁14号线豫园,地铁14号线陆家嘴,2030.0
地铁14号线陆家嘴,地铁14号线浦东南路,2687.0
地铁14号线浦东南路,地铁14号线浦东大道,2687.0
地铁14号线浦东大道,地铁14号线源深路,2549.0
地铁14号线源深路,地铁14号线昌邑路,2549.0
地铁14号线昌邑路,地铁14号线歇浦路,2101.0
地铁14号线歇浦路,地铁14号线云山路,2101.0
地铁14号线云山路,地铁14号线蓝天路,971.0
地铁14号线蓝天路,地铁14号线黄杨路,0.0
地铁14号线黄杨路,地铁14号线云顺路,0.0
地铁14号线云顺路,地铁14号线浦东足球场,0.0
地铁14号线浦东足球场,地铁14号线金粤路,0.0
地铁14号线金粤路,地铁14号线桂桥路,0.0
地铁14号线桂桥路,地铁14号线金粤路,0.0
地铁14号线金粤路,地铁14号线浦东足球场,0.0
地铁14号线浦东足球场,地铁14号线云顺路,0.0
地铁14号线云顺路,地铁14号线黄杨路,0.0
地铁14号线黄杨路,地铁14号线蓝天路,0.0
地铁14号线蓝天路,地铁14号线云山路,636.0
地铁14号线云山路,地铁14号线歇浦路,271.0
地铁14号线歇浦路,地铁14号线昌邑路,271.0
地铁14号线昌邑路,地铁14号线源深路,225.0
地铁14号线源深路,地铁14号线浦东大道,225.0
地铁14号线浦东大道,地铁14号线浦东南路,1476.0
地铁14号线浦东南路,地铁14号线陆家嘴,1476.0
地铁14号线陆家嘴,地铁14号线豫园,4938.0
地铁14号线豫园,地铁14号线大世界,5803.0
地铁14号线大世界,地铁14号线一大会址·黄陂南路,6017.0
地铁14号线一大会址·黄陂南路,地铁14号线静安寺,4190.0
地铁14号线静安寺,地铁14号线武定路,5794.0
地铁14号线武定路,地铁14号线武宁路,5794.0
地铁14号线武宁路,地铁14号线曹杨路,5918.0
地铁14号线曹杨路,地铁14号线中宁路,2859.0
地铁14号线中宁路,地铁14号线真如,2859.0
地铁14号线真如,地铁14号线铜川路,663.0
地铁14号线铜川路,地铁14号线真光路,0.0
地铁14号线真光路,地铁14号线真新新村,0.0
地铁14号线真新新村,地铁14号线定边路,0.0
地铁14号线定边路,地铁14号线嘉怡路,0.0
地铁14号线嘉怡路,地铁14号线临洮路,0.0
地铁14号线临洮路,地铁14号线乐秀路,0.0
地铁14号线乐秀路,地铁14号线封浜,0.0
地铁15号线顾村公园,地铁15号线锦秋路,185.0
地铁15号线锦秋路,地铁15号线丰翔路,191.0
地铁15号线丰翔路,地铁15号线南大路,188.0
地铁15号线南大路,地铁15号线祁安路,188.0
地铁15号线祁安路,地铁15号线古浪路,187.0
地铁15号线古浪路,地铁15号线武威东路,158.0
地铁15号线武威东路,地铁15号线上海西站,176.0
地铁15号线上海西站,地铁15号线铜川路,239.0
地铁15号线铜川路,地铁15号线梅岭北路,381.0
地铁15号线梅岭北路,地铁15号线大渡河路,371.0
地铁15号线大渡河路,地铁15号线长风公园,581.0
地铁15号线长风公园,地铁15号线娄山关路,1653.0
地铁15号线娄山关路,地铁15号线红宝石路,2335.0
地铁15号线红宝石路,地铁15号线姚虹路,3516.0
地铁15号线姚虹路,地铁15号线吴中路,3737.0
地铁15号线吴中路,地铁15号线桂林路,5382.0
地铁15号线桂林路,地铁15号线桂林公园,7211.0
地铁15号线桂林公园,地铁15号线上海南站,7951.0
地铁15号线上海南站,地铁15号线华东理工大学,8678.0
地铁15号线华东理工大学,地铁15号线罗秀路,7430.0
地铁15号线罗秀路,地铁15号线朱梅路,5543.0
地铁15号线朱梅路,地铁15号线华泾西,4042.0
地铁15号线华泾西,地铁15号线虹梅南路,3366.0
地铁15号线虹梅南路,地铁15号线景西路,3030.0
地铁15号线景西路,地铁15号线曙建路,2745.0
地铁15号线曙建路,地铁15号线双柏路,2187.0
地铁15号线双柏路,地铁15号线元江路,1403.0
地铁15号线元江路,地铁15号线永德路,1387.0
地铁15号线永德路,地铁15号线紫竹高新区,418.0
地铁15号线紫竹高新区,地铁15号线永德路,877.0
地铁15号线永德路,地铁15号线元江路,942.0
地铁15号线元江路,地铁15号线双柏路,1069.0
地铁15号线双柏路,地铁15号线曙建路,1105.0
地铁15号线曙建路,地铁15号线景西路,1003.0
地铁15号线景西路,地铁15号线虹梅南路,966.0
地铁15号线虹梅南路,地铁15号线华泾西,1086.0
地铁15号线华泾西,地铁15号线朱梅路,1075.0
地铁15号线朱梅路,地铁15号线罗秀路,1019.0
地铁15号线罗秀路,地铁15号线华东理工大学,999.0
地铁15号线华东理工大学,地铁15号线上海南站,868.0
地铁15号线上海南站,地铁15号线桂林公园,1605.0
地铁15号线桂林公园,地铁15号线桂林路,2430.0
地铁15号线桂林路,地铁15号线吴中路,2905.0
地铁15号线吴中路,地铁15号线姚虹路,3944.0
地铁15号线姚虹路,地铁15号线红宝石路,4218.0
地铁15号线红宝石路,地铁15号线娄山关路,5657.0
地铁15号线娄山关路,地铁15号线长风公园,6519.0
地铁15号线长风公园,地铁15号线大渡河路,8451.0
地铁15号线大渡河路,地铁15号线梅岭北路,8198.0
地铁15号线梅岭北路,地铁15号线铜川路,7691.0
地铁15号线铜川路,地铁15号线上海西站,6977.0
地铁15号线上海西站,地铁15号线武威东路,6702.0
地铁15号线武威东路,地铁15号线古浪路,6263.0
地铁15号线古浪路,地铁15号线祁安路,5701.0
地铁15号线祁安路,地铁15号线南大路,5063.0
地铁15号线南大路,地铁15号线丰翔路,5048.0
地铁15号线丰翔路,地铁15号线锦秋路,4149.0
地铁15号线锦秋路,地铁15号线顾村公园,3143.0
地铁16号线龙阳路,地铁16号线华夏中路,14218.0
地铁16号线华夏中路,地铁16号线罗山路,16165.0
地铁16号线罗山路,地铁16号线周浦东,16572.0
地铁16号线周浦东,地铁16号线鹤沙航城,15303.0
地铁16号线鹤沙航城,地铁16号线航头东,10784.0
地铁16号线航头东,地铁16号线新场,10364.0
地铁16号线新场,地铁16号线野生动物园,8348.0
地铁16号线野生动物园,地铁16号线惠南,6884.0
地铁16号线惠南,地铁16号线惠南东,1563.0
地铁16号线惠南东,地铁16号线书院,1282.0
地铁16号线书院,地铁16号线临港大道,705.0
地铁16号线临港大道,地铁16号线滴水湖,322.0
地铁16号线滴水湖,地铁16号线临港大道,741.0
地铁16号线临港大道,地铁16号线书院,931.0
地铁16号线书院,地铁16号线惠南东,920.0
地铁16号线惠南东,地铁16号线惠南,851.0
地铁16号线惠南,地铁16号线野生动物园,647.0
地铁16号线野生动物园,地铁16号线新场,652.0
地铁16号线新场,地铁16号线航头东,574.0
地铁16号线航头东,地铁16号线鹤沙航城,519.0
地铁16号线鹤沙航城,地铁16号线周浦东,520.0
地铁16号线周浦东,地铁16号线罗山路,621.0
地铁16号线罗山路,地铁16号线华夏中路,527.0
地铁16号线华夏中路,地铁16号线龙阳路,813.0
地铁17号线虹桥火车站,地铁17号线诸光路,15498.0
地铁17号线诸光路,地铁17号线蟠龙路,15240.0
地铁17号线蟠龙路,地铁17号线徐盈路,15797.0
地铁17号线徐盈路,地铁17号线徐泾北城,13454.0
地铁17号线徐泾北城,地铁17号线嘉松中路,10100.0
地铁17号线嘉松中路,地铁17号线赵巷,9421.0
地铁17号线赵巷,地铁17号线汇金路,8190.0
地铁17号线汇金路,地铁17号线青浦新城,4886.0
地铁17号线青浦新城,地铁17号线漕盈路,3738.0
地铁17号线漕盈路,地铁17号线淀山湖大道,1709.0
地铁17号线淀山湖大道,地铁17号线朱家角,606.0
地铁17号线朱家角,地铁17号线东方绿舟,157.0
地铁17号线东方绿舟,地铁17号线朱家角,119.0
地铁17号线朱家角,地铁17号线淀山湖大道,260.0
地铁17号线淀山湖大道,地铁17号线漕盈路,410.0
地铁17号线漕盈路,地铁17号线青浦新城,561.0
地铁17号线青浦新城,地铁17号线汇金路,670.0
地铁17号线汇金路,地铁17号线赵巷,779.0
地铁17号线赵巷,地铁17号线嘉松中路,836.0
地铁17号线嘉松中路,地铁17号线徐泾北城,802.0
地铁17号线徐泾北城,地铁17号线徐盈路,617.0
地铁17号线徐盈路,地铁17号线蟠龙路,484.0
地铁17号线蟠龙路,地铁17号线诸光路,554.0
地铁17号线诸光路,地铁17号线虹桥火车站,407.0
地铁17号线西岑,地铁17号线东方绿舟,0.0
地铁17号线东方绿舟,地铁17号线西岑,0.0
地铁18号线长江南路,地铁18号线殷高路,38.0
地铁18号线殷高路,地铁18号线上海财经大学,38.0
地铁18号线上海财经大学,地铁18号线复旦大学,38.0
地铁18号线复旦大学,地铁18号线国权路,38.0
地铁18号线国权路,地铁18号线抚顺路,1249.0
地铁18号线抚顺路,地铁18号线江浦路,1249.0
地铁18号线江浦路,地铁18号线江浦公园,919.0
地铁18号线江浦公园,地铁18号线平凉路,1205.0
地铁18号线平凉路,地铁18号线丹阳路,1205.0
地铁18号线丹阳路,地铁18号线昌邑路,1205.0
地铁18号线昌邑路,地铁18号线民生路,966.0
地铁18号线民生路,地铁18号线杨高中路,2013.0
地铁18号线杨高中路,地铁18号线迎春路,2930.0
地铁18号线迎春路,地铁18号线龙阳路,2930.0
地铁18号线龙阳路,地铁18号线芳芯路,2474.0
地铁18号线芳芯路,地铁18号线北中路,2474.0
地铁18号线北中路,地铁18号线莲溪路,2474.0
地铁18号线莲溪路,地铁18号线御桥,2536.0
地铁18号线御桥,地铁18号线康桥,0.0
地铁18号线康桥,地铁18号线周浦,0.0
地铁18号线周浦,地铁18号线繁荣路,0.0
地铁18号线繁荣路,地铁18号线沈梅路,0.0
地铁18号线沈梅路,地铁18号线鹤涛路,0.0
地铁18号线鹤涛路,地铁18号线下沙,0.0
地铁18号线下沙,地铁18号线航头,0.0
地铁18号线航头,地铁18号线下沙,0.0
地铁18号线下沙,地铁18号线鹤涛路,0.0
地铁18号线鹤涛路,地铁18号线沈梅路,0.0
地铁18号线沈梅路,地铁18号线繁荣路,0.0
地铁18号线繁荣路,地铁18号线周浦,0.0
地铁18号线周浦,地铁18号线康桥,0.0
地铁18号线康桥,地铁18号线御桥,0.0
地铁18号线御桥,地铁18号线莲溪路,684.0
地铁18号线莲溪路,地铁18号线北中路,1270.0
地铁18号线北中路,地铁18号线芳芯路,1270.0
地铁18号线芳芯路,地铁18号线龙阳路,1270.0
地铁18号线龙阳路,地铁18号线迎春路,1732.0
地铁18号线迎春路,地铁18号线杨高中路,1732.0
地铁18号线杨高中路,地铁18号线民生路,1902.0
地铁18号线民生路,地铁18号线昌邑路,2095.0
地铁18号线昌邑路,地铁18号线丹阳路,2828.0
地铁18号线丹阳路,地铁18号线平凉路,2828.0
地铁18号线平凉路,地铁18号线江浦公园,2828.0
地铁18号线江浦公园,地铁18号线江浦路,3892.0
地铁18号线江浦路,地铁18号线抚顺路,1902.0
地铁18号线抚顺路,地铁18号线国权路,1902.0
地铁18号线国权路,地铁18号线复旦大学,1464.0
地铁18号线复旦大学,地铁18号线上海财经大学,1464.0
地铁18号线上海财经大学,地铁18号线殷高路,1464.0
地铁18号线殷高路,地铁18号线长江南路,1464.0
地铁18号线大康路,地铁18号线呼兰路,0.0
地铁18号线呼兰路,地铁18号线爱辉路,6.0
地铁18号线爱辉路,地铁18号线江杨南路,6.0
地铁18号线江杨南路,地铁18号线长江西路,6.0
地铁18号线长江西路,地铁18号线通南路,6.0
地铁18号线通南路,地铁18号线长江南路,6.0
地铁18号线长江南路,地铁18号线通南路,431.0
地铁18号线通南路,地铁18号线长江西路,431.0
地铁18号线长江西路,地铁18号线江杨南路,431.0
地铁18号线江杨南路,地铁18号线爱辉路,431.0
地铁18号线爱辉路,地铁18号线呼兰路,431.0
地铁18号线呼兰路,地铁18号线大康路,0.0
磁浮线龙阳路,磁浮线浦东国际机场,0.0
磁浮线浦东国际机场,磁浮线龙阳路,1.0
浦江线沈杜公路,浦江线三鲁公路,0.0
浦江线三鲁公路,浦江线闵瑞路,0.0
浦江线闵瑞路,浦江线浦航路,0.0
浦江线浦航路,浦江线东城一路,0.0
浦江线东城一路,浦江线汇臻路,0.0
浦江线汇臻路,浦江线东城一路,0.0
浦江线东城一路,浦江线浦航路,0.0
浦江线浦航路,浦江线闵瑞路,0.0
浦江线闵瑞路,浦江线三鲁公路,0.0
浦江线三鲁公路,浦江线沈杜公路,0.0
地铁4号线上海体育馆,地铁4号线宜山路,6117.0
地铁4号线虹桥路,地铁4号线宜山路,4204.0
地铁1号线莘庄,地铁5号线莘庄,8913.0
地铁1号线上海南站,地铁3号线上海南站,1242.0
地铁1号线上海南站,地铁15号线上海南站,2180.0
地铁1号线漕宝路,地铁12号线漕宝路,2002.0
地铁1号线上海体育馆,地铁4号线上海体育馆,1275.0
地铁1号线徐家汇,地铁9号线徐家汇,3833.0
地铁1号线徐家汇,地铁11号线徐家汇,3985.0
地铁1号线常熟路,地铁7号线常熟路,2428.0
地铁1号线陕西南路,地铁10号线陕西南路,977.0
地铁1号线陕西南路,地铁12号线陕西南路,1414.0
地铁1号线一大会址·黄陂南路,地铁14号线一大会址·黄陂南路,1336.0
地铁1号线人民广场,地铁2号线人民广场,3039.0
地铁1号线人民广场,地铁8号线人民广场,4169.0
地铁1号线汉中路,地铁12号线汉中路,2617.0
地铁1号线汉中路,地铁13号线汉中路,2619.0
地铁1号线上海火车站,地铁3号线上海火车站,3165.0
地铁1号线上海火车站,地铁4号线上海火车站,2277.0
地铁1号线呼兰路,地铁18号线呼兰路,6.0
地铁2号线虹桥火车站,地铁10号线虹桥火车站,4154.0
地铁2号线虹桥火车站,地铁17号线虹桥火车站,6901.0
地铁2号线虹桥2号航站楼,地铁10号线虹桥2号航站楼,4004.0
地铁2号线娄山关路,地铁15号线娄山关路,1161.0
地铁2号线中山公园,地铁3号线中山公园,3208.0
地铁2号线中山公园,地铁4号线中山公园,4483.0
地铁2号线江苏路,地铁11号线江苏路,5206.0
地铁2号线静安寺,地铁7号线静安寺,3933.0
地铁2号线静安寺,地铁14号线静安寺,3888.0
地铁2号线南京西路,地铁12号线南京西路,4029.0
地铁2号线南京西路,地铁13号线南京西路,3597.0
地铁2号线人民广场,地铁1号线人民广场,7144.0
地铁2号线人民广场,地铁8号线人民广场,6305.0
地铁2号线南京东路,地铁10号线南京东路,3020.0
地铁2号线陆家嘴,地铁14号线陆家嘴,5167.0
地铁2号线世纪大道,地铁4号线世纪大道,6331.0
地铁2号线世纪大道,地铁6号线世纪大道,6794.0
地铁2号线世纪大道,地铁9号线世纪大道,5622.0
地铁2号线龙阳路,地铁7号线龙阳路,5196.0
地铁2号线龙阳路,地铁16号线龙阳路,6398.0
地铁2号线龙阳路,地铁18号线龙阳路,4473.0
地铁2号线龙阳路,磁浮线龙阳路,2730.0
地铁2号线浦东国际机场,磁浮线浦东国际机场,1.0
地铁3号线长江南路,地铁18号线长江南路,63.0
地铁3号线虹口足球场,地铁8号线虹口足球场,985.0
地铁3号线宝山路,地铁4号线宝山路,716.0
地铁3号线上海火车站,地铁1号线上海火车站,2626.0
地铁3号线上海火车站,地铁4号线上海火车站,769.0
地铁3号线中潭路,地铁4号线中潭路,532.0
地铁3号线镇坪路,地铁4号线镇坪路,618.0
地铁3号线镇坪路,地铁7号线镇坪路,3747.0
地铁3号线曹杨路,地铁4号线曹杨路,1069.0
地铁3号线曹杨路,地铁11号线曹杨路,4560.0
地铁3号线曹杨路,地铁14号线曹杨路,487.0
地铁3号线金沙江路,地铁4号线金沙江路,890.0
地铁3号线金沙江路,地铁13号线金沙江路,3058.0
地铁3号线中山公园,地铁2号线中山公园,783.0
地铁3号线中山公园,地铁4号线中山公园,1103.0
地铁3号线延安西路,地铁4号线延安西路,987.0
地铁3号线虹桥路,地铁4号线虹桥路,1033.0
地铁3号线虹桥路,地铁10号线虹桥路,735.0
地铁3号线宜山路,地铁4号线宜山路,974.0
地铁3号线宜山路,地铁9号线宜山路,2761.0
地铁3号线龙漕路,地铁12号线龙漕路,1097.0
地铁3号线上海南站,地铁1号线上海南站,2098.0
地铁3号线上海南站,地铁15号线上海南站,1397.0
地铁4号线宜山路,地铁3号线宜山路,1825.0
地铁4号线宜山路,地铁9号线宜山路,4664.0
地铁4号线虹桥路,地铁3号线虹桥路,637.0
地铁4号线虹桥路,地铁10号线虹桥路,1514.0
地铁4号线延安西路,地铁3号线延安西路,530.0
地铁4号线中山公园,地铁2号线中山公园,1099.0
地铁4号线中山公园,地铁3号线中山公园,739.0
地铁4号线金沙江路,地铁3号线金沙江路,809.0
地铁4号线金沙江路,地铁13号线金沙江路,3632.0
地铁4号线曹杨路,地铁3号线曹杨路,1550.0
地铁4号线曹杨路,地铁11号线曹杨路,5058.0
地铁4号线曹杨路,地铁14号线曹杨路,46.0
地铁4号线镇坪路,地铁3号线镇坪路,2061.0
地铁4号线镇坪路,地铁7号线镇坪路,4087.0
地铁4号线中潭路,地铁3号线中潭路,2160.0
地铁4号线上海火车站,地铁1号线上海火车站,3413.0
地铁4号线上海火车站,地铁3号线上海火车站,3036.0
地铁4号线宝山路,地铁3号线宝山路,3662.0
地铁4号线海伦路,地铁10号线海伦路,2206.0
地铁4号线大连路,地铁12号线大连路,4211.0
地铁4号线浦东大道,地铁14号线浦东大道,2099.0
地铁4号线世纪大道,地铁2号线世纪大道,7513.0
地铁4号线世纪大道,地铁6号线世纪大道,7471.0
地铁4号线世纪大道,地铁9号线世纪大道,5965.0
地铁4号线浦电路,地铁6号线浦电路,4717.0
地铁4号线蓝村路,地铁6号线蓝村路,2717.0
地铁4号线西藏南路,地铁8号线西藏南路,2876.0
地铁4号线大木桥路,地铁12号线大木桥路,2134.0
地铁4号线东安路,地铁7号线东安路,2450.0
地铁4号线上海体育馆,地铁1号线上海体育馆,3704.0
地铁5号线莘庄,地铁1号线莘庄,2158.0
地铁6号线港城路,地铁10号线港城路,137.0
地铁6号线巨峰路,地铁12号线巨峰路,1510.0
地铁6号线云山路,地铁14号线云山路,208.0
地铁6号线民生路,地铁18号线民生路,2400.0
地铁6号线世纪大道,地铁2号线世纪大道,4150.0
地铁6号线世纪大道,地铁4号线世纪大道,2442.0
地铁6号线世纪大道,地铁9号线世纪大道,4446.0
地铁6号线浦电路,地铁4号线浦电路,1574.0
地铁6号线蓝村路,地铁4号线蓝村路,608.0
地铁6号线高科西路,地铁7号线高科西路,2084.0
地铁6号线东明路,地铁13号线东明路,2598.0
地铁6号线东方体育中心,地铁8号线东方体育中心,4757.0
地铁6号线东方体育中心,地铁11号线东方体育中心,4010.0
地铁7号线龙阳路,地铁2号线龙阳路,880.0
地铁7号线龙阳路,地铁16号线龙阳路,3248.0
地铁7号线龙阳路,地铁18号线龙阳路,1977.0
地铁7号线龙阳路,磁浮线龙阳路,255.0
地铁7号线高科西路,地铁6号线高科西路,2001.0
地铁7号线耀华路,地铁8号线耀华路,3654.0
地铁7号线长清路,地铁13号线长清路,2286.0
地铁7号线龙华中路,地铁12号线龙华中路,3516.0
地铁7号线东安路,地铁4号线东安路,3412.0
地铁7号线肇嘉浜路,地铁9号线肇嘉浜路,3620.0
地铁7号线常熟路,地铁1号线常熟路,2753.0
地铁7号线静安寺,地铁2号线静安寺,1866.0
地铁7号线静安寺,地铁14号线静安寺,1330.0
地铁7号线长寿路,地铁13号线长寿路,1213.0
地铁7号线镇坪路,地铁3号线镇坪路,1470.0
地铁7号线镇坪路,地铁4号线镇坪路,1554.0
地铁7号线顾村公园,地铁15号线顾村公园,93.0
地铁8号线江浦路,地铁18号线江浦路,583.0
地铁8号线四平路,地铁10号线四平路,758.0
地铁8号线虹口足球场,地铁3号线虹口足球场,2348.0
地铁8号线曲阜路,地铁12号线曲阜路,2863.0
地铁8号线人民广场,地铁1号线人民广场,5574.0
地铁8号线人民广场,地铁2号线人民广场,4108.0
地铁8号线大世界,地铁14号线大世界,2345.0
地铁8号线老西门,地铁10号线老西门,1391.0
地铁8号线陆家浜路,地铁9号线陆家浜路,2198.0
地铁8号线西藏南路,地铁4号线西藏南路,1509.0
地铁8号线耀华路,地铁7号线耀华路,1844.0
地铁8号线成山路,地铁13号线成山路,2217.0
地铁8号线东方体育中心,地铁6号线东方体育中心,1215.0
地铁8号线东方体育中心,地铁11号线东方体育中心,2464.0
地铁8号线沈杜公路,浦江线沈杜公路,0.0
地铁9号线金海路,地铁12号线金海路,495.0
地铁9号线蓝天路,地铁14号线蓝天路,636.0
地铁9号线杨高中路,地铁18号线杨高中路,2182.0
地铁9号线世纪大道,地铁2号线世纪大道,4984.0
地铁9号线世纪大道,地铁4号线世纪大道,3875.0
地铁9号线世纪大道,地铁6号线世纪大道,5089.0
地铁9号线陆家浜路,地铁8号线陆家浜路,3815.0
地铁9号线马当路,地铁13号线马当路,2676.0
地铁9号线嘉善路,地铁12号线嘉善路,3137.0
地铁9号线肇嘉浜路,地铁7号线肇嘉浜路,2829.0
地铁9号线徐家汇,地铁1号线徐家汇,5025.0
地铁9号线徐家汇,地铁11号线徐家汇,4970.0
地铁9号线宜山路,地铁3号线宜山路,2809.0
地铁9号线宜山路,地铁4号线宜山路,3715.0
地铁9号线桂林路,地铁15号线桂林路,2546.0
地铁10号线虹桥火车站,地铁2号线虹桥火车站,1625.0
地铁10号线虹桥火车站,地铁17号线虹桥火车站,9280.0
地铁10号线虹桥2号航站楼,地铁2号线虹桥2号航站楼,1613.0
地铁10号线虹桥路,地铁3号线虹桥路,1940.0
地铁10号线虹桥路,地铁4号线虹桥路,2627.0
地铁10号线交通大学,地铁11号线交通大学,3321.0
地铁10号线陕西南路,地铁1号线陕西南路,2500.0
地铁10号线陕西南路,地铁12号线陕西南路,2350.0
地铁10号线一大会址·新天地,地铁13号线一大会址·新天地,2145.0
地铁10号线老西门,地铁8号线老西门,3714.0
地铁10号线豫园,地铁14号线豫园,2597.0
地铁10号线南京东路,地铁2号线南京东路,4153.0
地铁10号线天潼路,地铁12号线天潼路,4050.0
地铁10号线海伦路,地铁4号线海伦路,2639.0
地铁10号线四平路,地铁8号线四平路,3433.0
地铁10号线国权路,地铁18号线国权路,1592.0
地铁10号线港城路,地铁6号线港城路,443.0
地铁11号线上海西站,地铁15号线上海西站,1488.0
地铁11号线真如,地铁14号线真如,187.0
地铁11号线曹杨路,地铁3号线曹杨路,849.0
地铁11号线曹杨路,地铁4号线曹杨路,824.0
地铁11号线曹杨路,地铁14号线曹杨路,377.0
地铁11号线隆德路,地铁13号线隆德路,1537.0
地铁11号线江苏路,地铁2号线江苏路,721.0
地铁11号线交通大学,地铁10号线交通大学,929.0
地铁11号线徐家汇,地铁1号线徐家汇,1821.0
地铁11号线徐家汇,地铁9号线徐家汇,2283.0
地铁11号线龙华,地铁12号线龙华,1333.0
地铁11号线东方体育中心,地铁6号线东方体育中心,1689.0
地铁11号线东方体育中心,地铁8号线东方体育中心,4138.0
地铁11号线御桥,地铁18号线御桥,684.0
地铁11号线罗山路,地铁16号线罗山路,1686.0
地铁12号线桂林公园,地铁15号线桂林公园,2085.0
地铁12号线漕宝路,地铁1号线漕宝路,4169.0
地铁12号线龙漕路,地铁3号线龙漕路,1980.0
地铁12号线龙华,地铁11号线龙华,3559.0
地铁12号线龙华中路,地铁7号线龙华中路,1738.0
地铁12号线大木桥路,地铁4号线大木桥路,1376.0
地铁12号线嘉善路,地铁9号线嘉善路,2269.0
地铁12号线陕西南路,地铁1号线陕西南路,2264.0
地铁12号线陕西南路,地铁10号线陕西南路,1015.0
地铁12号线南京西路,地铁2号线南京西路,2163.0
地铁12号线南京西路,地铁13号线南京西路,1485.0
地铁12号线汉中路,地铁1号线汉中路,6579.0
地铁12号线汉中路,地铁13号线汉中路,3406.0
地铁12号线曲阜路,地铁8号线曲阜路,3993.0
地铁12号线天潼路,地铁10号线天潼路,1403.0
地铁12号线大连路,地铁4号线大连路,2375.0
地铁12号线江浦公园,地铁18号线江浦公园,2851.0
地铁12号线巨峰路,地铁6号线巨峰路,1246.0
地铁12号线金海路,地铁9号线金海路,849.0
地铁13号线大渡河路,地铁15号线大渡河路,1429.0
地铁13号线金沙江路,地铁3号线金沙江路,1698.0
地铁13号线金沙江路,地铁4号线金沙江路,2418.0
地铁13号线隆德路,地铁11号线隆德路,2175.0
地铁13号线武宁路,地铁14号线武宁路,1186.0
地铁13号线长寿路,地铁7号线长寿路,2994.0
地铁13号线汉中路,地铁1号线汉中路,4942.0
地铁13号线汉中路,地铁12号线汉中路,1486.0
地铁13号线南京西路,地铁2号线南京西路,2001.0
地铁13号线南京西路,地铁12号线南京西路,1382.0
地铁13号线一大会址·新天地,地铁10号线一大会址·新天地,999.0
地铁13号线马当路,地铁9号线马当路,1415.0
地铁13号线长清路,地铁7号线长清路,1754.0
地铁13号线成山路,地铁8号线成山路,4027.0
地铁13号线东明路,地铁6号线东明路,1814.0
地铁13号线莲溪路,地铁18号线莲溪路,1807.0
地铁13号线华夏中路,地铁16号线华夏中路,2100.0
地铁13号线诸光路,地铁17号线诸光路,22.0
地铁14号线铜川路,地铁15号线铜川路,663.0
地铁14号线真如,地铁11号线真如,3244.0
地铁14号线曹杨路,地铁3号线曹杨路,353.0
地铁14号线曹杨路,地铁4号线曹杨路,21.0
地铁14号线曹杨路,地铁11号线曹杨路,3565.0
地铁14号线武宁路,地铁13号线武宁路,1127.0
地铁14号线静安寺,地铁2号线静安寺,759.0
地铁14号线静安寺,地铁7号线静安寺,2117.0
地铁14号线一大会址·黄陂南路,地铁1号线一大会址·黄陂南路,2419.0
地铁14号线大世界,地铁8号线大世界,2348.0
地铁14号线豫园,地铁10号线豫园,1117.0
地铁14号线陆家嘴,地铁2号线陆家嘴,1048.0
地铁14号线浦东大道,地铁4号线浦东大道,986.0
地铁14号线昌邑路,地铁18号线昌邑路,798.0
地铁14号线云山路,地铁6号线云山路,1703.0
地铁14号线蓝天路,地铁9号线蓝天路,971.0
地铁15号线顾村公园,地铁7号线顾村公园,1770.0
地铁15号线上海西站,地铁11号线上海西站,1700.0
地铁15号线铜川路,地铁14号线铜川路,1046.0
地铁15号线大渡河路,地铁13号线大渡河路,1485.0
地铁15号线娄山关路,地铁2号线娄山关路,1519.0
地铁15号线桂林路,地铁9号线桂林路,2142.0
地铁15号线桂林公园,地铁12号线桂林公园,1185.0
地铁15号线上海南站,地铁1号线上海南站,1757.0
地铁15号线上海南站,地铁3号线上海南站,1327.0
地铁16号线龙阳路,地铁2号线龙阳路,518.0
地铁16号线龙阳路,地铁7号线龙阳路,914.0
地铁16号线龙阳路,地铁18号线龙阳路,858.0
地铁16号线龙阳路,磁浮线龙阳路,53.0
地铁16号线华夏中路,地铁13号线华夏中路,491.0
地铁16号线罗山路,地铁11号线罗山路,1373.0
地铁17号线虹桥火车站,地铁2号线虹桥火车站,466.0
地铁17号线虹桥火车站,地铁10号线虹桥火车站,624.0
地铁17号线诸光路,地铁13号线诸光路,8.0
地铁18号线长江南路,地铁3号线长江南路,1064.0
地铁18号线国权路,地铁10号线国权路,819.0
地铁18号线江浦路,地铁8号线江浦路,2903.0
地铁18号线江浦公园,地铁12号线江浦公园,1501.0
地铁18号线昌邑路,地铁14号线昌邑路,304.0
地铁18号线民生路,地铁6号线民生路,1160.0
地铁18号线杨高中路,地铁9号线杨高中路,1095.0
地铁18号线龙阳路,地铁2号线龙阳路,1480.0
地铁18号线龙阳路,地铁7号线龙阳路,1795.0
地铁18号线龙阳路,地铁16号线龙阳路,4092.0
地铁18号线龙阳路,磁浮线龙阳路,271.0
地铁18号线莲溪路,地铁13号线莲溪路,1159.0
地铁18号线御桥,地铁11号线御桥,2536.0
地铁18号线呼兰路,地铁1号线呼兰路,431.0
磁浮线龙阳路,地铁2号线龙阳路,261.0
磁浮线龙阳路,地铁7号线龙阳路,736.0
磁浮线龙阳路,地铁16号线龙阳路,1977.0
磁浮线龙阳路,地铁18号线龙阳路,336.0
磁浮线浦东国际机场,地铁2号线浦东国际机场,0.0
浦江线沈杜公路,地铁8号线沈杜公路,0.0
